id,name,username
884378714,SM GLOBAL,SMTOWNGLOBAL
873092428755894272,Red Velvet,rvsmtown
391115625,Girls Generation,girlsgeneration
4811011050,NCT,NCTsmtown
887973863824306176,SHINee,SHINee
965487301722701826,Super Junior,SJofficial
1277453652924366848,aespa,aespa_official
873115441303924736,EXO,weareoneexo
1108409117419454466,Dr Nada Adel,DrNadaAdel23
2737009538,Ø¹Ø¨Ø¯ Ø§Ù„Ù…Ù†Ø¹Ù… Ø­Ù…ÙˆØ¯Ù‡,AbdoMn222
3300801132,Mahmoud Elfeky,Mahmoudelfeky50
788045303408652293,Ù…ÙØ±ÙŠÙÙ…,marymelsheshai
1326888896534351875,Aliaa A.Elhamed,Aliaa97755895
1142761966139822080,MhmdğŸ–¤âœŒï¸,mhmd789000
1468277442880147461,Esraa Adham,EsraaAdham18
1168014519454638080,â€â€ğ“³ğ“†ƒØªÙˆØª Ø¹Ù†Ø® Ø£Ù…ÙˆÙ†â€ğ“³ğ“†ƒğŸ‡ªğŸ‡¬,husseinElbaz___
1103441656383266817,Abdo gamal,Abzoo9
1298680151631450114,Ù…Ø­Ù…Ø¯Ø¬Ù…Ø¹Ù‡,QC5IN1x5cROz6OU
1395110428485865473,MaÙ†o0,Mao0mn
1438557814369173504,Abeer Mamdouh,AbeerMa16879385
1427467109144186883,ğŸ“ khokha ğŸ“,khokhaelbana_
979060316070907904,Ø§Ø­Ù…Ø¯Ø§Ø¨ÙˆØªØ±ÙŠÙƒØ© (22)ğŸ†ğŸ¦…1ï¸âƒ£,Ahmed_Abo_trik
2468046332,Ø§Ø³ØªØ§Ø° Ø§Ù„ÙÙ‚Ù‡ Ø§Ù„Ù…Ù‚Ø§Ø±Ù† ..ğŸ¥·ğŸš¬ğŸ‡µğŸ‡¸,_b_f_1_
1416511267771195394,Ø¯/ØµØ¨Ø­ÙŠ Ø¨Ø§Ù„Ù‡ÙŠØ±ÙˆØºÙ„ÙŠÙÙŠ,ElhadadSobhy
1348954508215406593,Esraa,EsraaFa49433351
1401911288436072448,Dr Ibrahim Sadek,DrIbrahimSadek1
888638521212272640,Ø²ÙŠØ²Ùˆ,CuleZozz
1406436433775190026,Eslam Hoamy,EslamHoamy
1396828847212044296,Ù†Ø§Ø¯Ø± Ø¥Ù„Ù‚Ø­Ø·Ø§Ù†ÙŠÙ‘â„¢Ø§ÙŠÙ‡ÙŠØ±Ø¨ CSC5623,nrvvww
1051269283031015424,NaDa ğŸ–¤,Nada82281716
1392402779004624897,zaina fuad,FuadZaina
1304145751233228800,â„¤ğ•–ğ•œğ•’ ğ”¸ğ•ğ•’ğ•¤ğ•™ğ•¢ğ•’ğ•ğŸ“¸,Zeka_Alashqam
1387168164857925632,Ø´Ø±ÙƒÙ‡ ØªÙ†Ø¸ÙŠÙ Ù…ÙƒÙŠÙØ§Øª Ø¨Ø§Ù„Ø±ÙŠØ§Ø¶ 0500174129 ğŸ“,3IS2fuQ1RFrkHWd
1387160885890846725,Ø´Ø±ÙƒÙ‡ ØªÙ†Ø¸ÙŠÙ 0500174129 ğŸ“Ù…Ù†Ø§Ø²Ù„ Ø¨Ø§Ù„Ø±ÙŠØ§Ø¶,dP9bVxVv3TjIijd
1387018082208583685,Ø´Ø±ÙƒÙ‡ Ù†Ù‚Ù„ Ø§Ø«Ø§Ø« 0500174129 ğŸ“Ø¨Ø§Ù„Ø±ÙŠØ§Ø¶,3XacsLVYBgfYqhi
1384796274684215296,Ø´Ø±ÙƒÙ‡ Ø¹Ø²Ù„ Ø§Ø³Ø·Ø­ Ø¨Ø§Ù„Ø±ÙŠØ§Ø¶,JZbTJDLNHjOmSan
1384791429608886273,Ø´Ø±ÙƒÙ‡ Ø¹Ø²Ù„ Ø§Ø³Ø·Ø­ Ø¨Ø§Ù„Ù‚ØµÙŠÙ…,AGqHVK5gCFHucUh
866259130960535553,Islam elsherif,Islamelsherif7
1185679770325000192,JokerğŸƒ,jokerrx1_
922889506130399233,Adel Douadi,AdelDouadi1
1150481197140717569,ğŸ’•Ø¯ÙØ¹ÙØ§ÙØ¯ÙÙŠÙØ¹ÙÙˆÙ’ğŸ’•,DoaaOmran17
1030168765118513152,Hajoor tt2lam wla ttkalam,ph_hajoor
934154029449572353,Â®ï¸ ï®¼Ù…Ø­Ù…ÙˆØ¯ ï®¼Ù…Ø³Ø¹Ø¯,mmosaad856
1360357666481205249,Amira Khairy,AmiraKh51803907
1358586108255289344,Pondokelmasry,Pondokelmasry1
1358511542510252034,Salma,Salma65713909
1303084940435877892,Osama tahoon,OsamaTahoon7
1356666438011023373,Pondokelmasry ğŸ¦…ğŸ¦…,pondokelmasry
2893957252,Ø®Ø·ÙŠØ¨ Ø¨Ø¯Ù„Ø©,khbadle
1343237061441163264,Reem Ashraf,ReemAshraf00
1352349990518194184,Ali Emam,AliEmam54253423
1333158380928634881,Elsayed Waly,ElsayedWaly7
1093474549755248640,Mohamed Khaled âœªï£¿,mohamed18khaled
2987000051,â“‚ï¸ğŸ…¾ï¸HAMED EBEID ğŸ‘®âš“ğŸŒŸ,ebeid9648
1012818836834410502,Ø²Ù±Ù…ÙŠØ§Ø§Ù‡ ğŸ‘‘,SaMia_Rezk
4613781035,ğ“‚ğ“ƒ­ğ“„¿,lolity139
1290735155141914627,Ã€Å Ä†ğŸ¦…ğŸ¤,Ahmedal63132916
1263901391128604672,Hamed Soliman,HamedSo02400359
1135169920470331392,Nabil ElrashidiğŸ“ˆ,nabilelrashidi
942379414184185856,Ù†Ø¯ÙŠğŸŒ»â¤,nadaabdo99
1096873608436166656,ahmed ğŸ‘‘âš¡,waziralhaniyih
1190900594027958272,hossamhelal60@gmail.com,hossamhelal60
1182790672841097216,ahmed ğŸ•ŠğŸ¤,ahmed64884075
1307804234918887425,Mostafa,Mostafa13301627
819833671213424640,Ø¹Ø¨Ø³Ù„Ø§Ù…,mohamedabdsal12
1300102569759584265,Ù…ÙˆØ³ÙŠ Ø±Ù…Ø¶Ø§Ù†,67U1GZnZsCKsmfG
1065636646564052993,Doddabebo,doddabebo
794884796208050176,ÙŠØ§Ø³Ù…ÙŠÙ†Ø§ ğŸ¦‹,yasMinna169
1293575308323557386,Ø­Ø³ÙŠÙ† Ø§Ù„Ø¹Ø«Ø§Ø«ÙŠ,Hussen1718
1291900947355111424,Amera Abd Alkader,AlkaderAmera
1291345974628163585,saif jabour,SaifJabour
1274117685215969280,Fatma Elrashidy,FatmaElrashidy5
849409688466862081,Z E I N A B ğŸ¦’,elzuuza
1054323039805038592,Kareem Atef,KareemA22485453
1053388087127093248,Donia Ragab.â™¥ğŸ’«,Donia78739717
1242877834743472137,hagar Fathalla,hagarfa123455
1205417886535372800,Å½i KÃ¤ ğŸ‘‘,ahmed_khalifa8
1095682864656596992,Ahmed Ramadan,AhmedRa60064528
2238799968,Ø§Ø´Ø±Ù Ù…Ø¯Ù†Ù‰,ashrafmedany312
252691120,Mostafa Rashwan,mo_Rashwan
1003430400142831616,Ù…Ù†Ø© Ø§Ù„Ù„Ù‡ Ø£Ø¨ÙˆØ§Ù„ÙØªØ­.,menna_abuelfath
1202731760527777797,HASSAN ELTOPGY,eltopgy_hassan
1262184115782197248,Nada Hegazy,otete414
1259881435000963074,Fatma Rashwan,FatmaRashwan14
1172139026457010176,Ù…ØµØ±ÙŠ âš½ #Ù…Ø¤Ø³Ø³_ÙØ±Ø³Ø§Ù†_Ø§Ù„ØªØ§Ù„ØªØ©74,Eng0007
1154462270535196672,Rofa,Rofa44719756
1234645288645689344,TITOğŸ’–,Mohamed86842397
1235675157555011585,M7md S3eed,M7mdS3e70455625
1135685061959913473,Ali Ahmed,AliAhme84491307
1245937501816205312,Ø®ÙÙŠÙØªÙ’ÙˆÙğŸ‘‘ğŸ’ª,MKHETO3
1244496013211115521,SÃ¶Ã¶ DÃ« Ã„nÃ¤Ã¤,soo_anaa
1225144416790290433,Ø¨Ù†Øª Ø¬Ø²Ø§Ø¦Ø±ÙŠØ©,llP0v743G2zqFk4
1236183255331811328,Ø§Ø¨ÙˆØ§Ø­Ù…Ø¯ Ø§Ø¨ÙˆØ§Ø­Ù…Ø¯,ILif0X6d1DnDWlp
1224783093082591233,Farida ğŸŒ¸âœ¨,arafat_farida
1182811076192296961,Mostafa Mahmoud,Mostafa76797114
1236796255587753986,Mu. Abouzaid,Mu_Abouzaid
4246553662,Ø§Ø¯ÙŠÙ†Ù‰ Ø±Ù…Ø¶Ø§Ù†,NKnePyPujVFbXoo
1232008787663478784,Saâ™ar,Samar77242363
977705927716622336,MÃ HmÃ¸Å«D Ã†Ã¯sÃ£ ğŸ‡ªğŸ‡¬,mahmoudaisa3
1100365786500288512,Ø·Ù„Ø¨Ù‡ ØµÙ„Ø§Ø­ ØºØ·Ø³,TdJbFjBJs3EvKe2
1148248306776231936,Ù…Ø§Ø¬Ø¯ Ø§Ù„Ø¹Ø±Ø§Ø§Ù‚ÙŠ,qPK0dnLhwOdYenB
1231012783640252416,Haneen,Haneen40845826
1188898506595078144,Adham Adel Saadawi,AdhamSaadawi55
1230224330942013442,Belal,Belal67739063
990856464771305472,Ebrahem Ragap,EbrhemRagap
1212435735761940480,Ahmed Elsheikh,AhmedEl78160213
974403609076158464,HA HA â˜ ,hajjaarrr
1116162519238959106,Marim ali,Marim29944775
482476715,â€ï®¼Ø£Ù†Ø§ØŒÙƒØ¨Ù‡ÙŠØ±ØŒØ£Ù†Ø¨Ù‡Ø±Øª,alyelbassel
1226180565520572416,Ahmed Chocola,ahmed_chocola
1225501783306440704,Amir Slatin,SlatinAmir
1223752077131833344,hesh,hesh22289646
1196509192896602114,mesho sharara,ShararaMesho
1192333046906867713,â¦Mo7amed el3zbâ¦ğŸŠâ€â™‚ï¸,mohamed21588141
1223173155109384193,Ø®ÙÙŠÙØªÙÙˆÙğŸ˜,MKhitto
1222630096877518853,ÙƒÙ„Ø§Ù… ÙÙŠ Ø§Ù„Ø­Ø¨ ğŸ’ğŸ’,hMLFggSSpPtYfGK
1221693231173447682,Ø§Ù„Ù†Ø²Ù‡ÙŠ,8i7eA9jICTTBOnp
1211546847417749504,eng/mohamed Ali,engmoha96232814
1204468245652279301,Ahmed Samir,AhmedSa48835798
1214633046709850112,ØµØ§Ù„Ø­ Ø§Ù„Ø­Ø¯Ø§Ø¯,iljmXlCVa0VZLzc
1212727406185701376,Ù…Ø·Ø¨Ø® Ø±ÙŠÙ…,U8yNEN9AVntDNGH
750658880628293632,Ã‘Ã¤dÄ HÄ™gÃ¢Å¾Ã¿,NadaHegazy19
1087051573438631936,nasr magdi â™¿,nasr33013103
1215858186026127362,Omer Chuadhary,ChuadharyOmer
879270671372746752,Nasharã€½ï¸,Omar79003539
1203446207412080640,Mohamed heshamâ¦â¦â¦â¦ğŸ•¸ï¸â©,M_hesham9
1214754432312860673,Menna Magdy,MennaMa65104613
1214621103617986561,Ahmed nashaatâ™¥ğŸ”¥,Ahmedna75166710
1213862875518783488,Node,Node55722717
1184495687377018880,â¦â¦Ù…Ù€Ù€Ù€Ù°Ù–Ù•Ù±Ù†Ù€Ù€Ù€Ù€Ø¯Ù‹Ø¤ğŸ”ğŸš¬,MmD88372971
1186045417,HaNeen Elghreeb,neen_haneen
1208812285122224129,ÙØ±ÙØ´Ø© Ø¥Ø¬ØªÙ…Ø§Ø¹ÙŠØ© âœŒğŸ¼ğŸ˜âœŒğŸ¼,BeddingSocial
956987365020569600,Shimaa Raafat ğŸŒ¸,shimaarafat99
1204124589317603329,Å”Ã…MÃ‹Å½-11ğŸ’›ğŸ¶,Abokenan_11
1210212750909153280,My Room,MyRoom07076468
1188938360129241089,emy_mohamed,emy_mohamed96
1038910392188194817,Ø§Ù„Ù…ÙŠÙŠÙŠÙŠØ³ Ø¶Ø§Ø§Ø§Ø§Ø§ÙƒØªÙˆÙˆÙˆÙˆÙˆØ±Ø© ğŸ“ğŸ“–ğŸ’‰,EsraaYa71309622
1205955479832322048,Esraa,EsraaAboelnas10
781227769443278849,Maii Faiirouz,maii_faiirouz
1187998939670335488,Mohamed Abozaid,Mohamed76788680
833763614234378240,lucifer,sad_pird
1163264404122738688,S O M Y A ğŸ’,Somya_yaser
333928223,ğŸ¤—Ø§Ù„Ø¹Ø§ÙŠØ¯ÙŠâ¤ï¸,kjngmatrex
1119163368688865281,Berri alnagar,AlnagarBerri
1103011551680827394,faris kehlawy,FKehlawy
1165791717272014850,ğŸ‡µğŸ‡¸Ø£Ø¨Ùˆ Ù…Ø­Ù…Ø¯â¦ğŸ‡¾ğŸ‡ªâ©,OdDCKlS5r7uRPjl
1203855484840742917,Aml Gaber Teleb,AmlGaberTeleb
1536602545,á—©á•¼á—°á—©á—ª,gagaami11
1147451005786906624,Ù…Ø§Ø±ÙƒÙ‡ ğŸŒğŸ’€,saed5589
921710879808241664,MÄ«kÃ¤,orisatik0307
1135693240911433728,Mai Adel Goma,MaiAdelGoma1
1128350203189317632,( Ø¨Ø´Ø§ÙŠØ± Ø§Ù„Ø®ÙŠØ± ) Youssef Radwan,Youssef06507406
4889565682,SaRa,saramoutawea
1179499619845394432,Waad'ğŸ’,Waad96623477
4714375097,Mohamed Radwan ğŸ´,Radwaan___
26835542,mohamadgabre,mohamadgabre
716709668379295744,Mahmoud,mahmooud_1
826760665897562113,WTF !,_unfavkero
1198383899547713541,Mohamed Sayed,Mohamed56303985
1130099904649547777,ÚªÙ°Ø§Ø¨ØªÙ†Û¨ Ú€Ù€ï¯£Ú›ÛœÚ£ â¤ï¸,CaptianYoussef
593056534,Mohamed Gamal,mido02015
1200461139311779840,hoda,hoda86551091
4018454062,E s l a ã€½ï¸ğŸ“,Eslam863332
1147605005442138117,ğ“‚† Ø³Ø¬Ù‰,sajamajedk
1202310397476384768,Magdy_Mohamed_abdo,Mego7000
727168503531356160,Ø±Ù‚ÙÙŠÙ€Ù€Ù‡ğŸ¦‹,roukyaaa
1178648880830963713,Batotaa ElnahasğŸ‡ªğŸ‡¬ğŸ’™ğŸ‡µğŸ‡¸,b_a__t9
1199591621131743233,Raghda G Elbaaly,ElbaalyG
1175563931961778176,â€ï®¼ØªÙˆØªØ§â€ŒØ¹ØµØ§Ù…â€ŒğŸ–¤,Totaess38976939
950421626222514176,EsraahusseinğŸŒ“ğŸ’«,Esraabakc
1134603557762719744,Ø´Ùˆ9Ø´â¤ï¸,ShimaaM566
1179465644389097473,Lina Lolaâ¤,LinaLol52996936
1132536480763645953,Hagar,Hagar00326165
1193979153952976898,Ä˜ Å Ä¶ ğŸ¸,xmE7YYMGIoadI16
1052309902075531264,NaDağŸ’ğŸ‡µğŸ‡¸,NadaKha93
1013867645186330626,Noura Hassanâ˜ºï¸,ura_elattar
1188332377451442177,Ø§ÙˆØ³ Ø§ÙˆØ³ Ø¨ÙŠÙ‡,osama0099
996066863959461889,abdalrahman selim,ab45selim
1031031037579730944,NagwağŸŒ»,Nagwa02411289
1161327107714293761,ğŸ‘‘CRISTIANOğŸ‘‘,CRISTIAINO7777
862464095899049984,Santaa ğŸ‘‘ğŸŒ¸,Bassant63938126
1057668730140966914,Ú¯Ø¢Ø¦Ù† Ø¢Ù„áµ§á»“áµ§á»“,yooh1256
1078061008147677185,Ø¹Ø¨Ø¯Ø§Ù„Ø±Ø­Ù…Ù† Ø¥Ø³Ù„Ø§Ù… â¦ğŸ’›,abdelrahman241
1125961296560758784,Schtroumpfs *Ø³Ù†ÙÙˆØ±Ø©*,sama_abdein
840708205189685248,moha mohaa,mohameed8877445
1201546379736293377,Ø³Ø­Ø³ğŸ’«,Hussienelseady_
850630920373768192,ÙƒÙ„Ø§Ù… HADYğŸ‘‘ğŸ’®ğŸŒ¿,5511Had
1041390140541882368,Mahmoud Mahanny,MahannyMahmoud
999064396486897664,Emy Helmy ğŸ‘‘,EmyHelmy20
1103671481349873664,Ø¥Ø²Ø§Ø²Ø© ÙÙˆØ¯ÙŠÙƒØ§ - Ezazt Fodka,VVOODKAA
1175055326871269377,Mo Gais,mo_gais
357359576,JS RAWAT ğŸ‡®ğŸ‡³,jashrawat
988699786743345152,Ù…Ù€Ù€Ù€Ø·Ù€Ù€Ù€Ø±Ø§ÙˆÙŠğŸ’«ğŸ’«,MohameddNasrr0
1142158762112929798,Ø§Ù‚ÙˆØ§Ù„ ÙˆØ­ÙƒÙ…,npprxn
1084048769270853632,Mina Yousri,MinaYousri4
1079830621936107520,Just Smile,JustSmi98985932
4863954645,Ø³Ù€Ù‡Ù€Ù€Ù€Ù€Ù€ğŸ‡µğŸ‡¸Ù€Ù€Ù€Ù€Ù€Ø±â™¥ï¸,Shora46017017
4923555899,Ø£Ø­Ù€Ù…Ù€Ø¯ Ø£Ø³Ù€Ø¹Ù€Ø¯,SaidAsaadSaid
1200018507397836800,ÙƒÙƒØ§Ø¦Ù† Ø§Ù„Ø³Ú¯Ú¯Ø±,EladlManar
1196899975306854401,SHEKOOğŸƒ,MedoKha20015509
796999331618422784,Ù…Ø¹ØªØ² ğŸ‡¸ğŸ‡©,M__SD__55
1174360257205813248,RomağŸ’œğŸ’œ,RahmaSoultan
1084850839615877120,Ø§Ù„ÙØ±Ø§Ø´Ø©Ø©ğŸ¦‹â™¥ï¸,Mennaa_3amer
1198290337594322949,Omar Elngar,OmarEln86116999
1185943076017229824,JÃ²Ã³ RaKhağŸ‘‘ğŸ–¤,JooRakha
750497899696521216,Menna Hamdy,MennaHa71382792
1195652170974150656,ØªÙŠÙÙˆ,abuRayya09
1164763654023049216,Muhamed Yasser,Mohamed38235785
1184632261544730624,IsLaMğŸ’›,Islam01342101
933455883945893888,Rano0odehğŸ™‚ğŸ™ƒ,Rano0odeh
811872913230008320,Mazen Mahmudâ€â€,Z31010
1095142797391417345,LiLian maged,LiLianmaged3
1196902179992489984,Mansouri,Mansour34592235
525422468,ğ™ˆğ˜¼ğ™ƒğ™ˆğ™Šğ™ğ˜¿ ğ˜¼ğ™†ğ™‡ ğŸ‡µğŸ‡¸ğŸ‡ªğŸ‡¬,mah_akl
1168363721871319040,ÙÙ„Ø³Ø·ÙŠÙ† Ù‚Ø¶ÙŠØªÙŠğŸ‡ªğŸ‡¬ğŸ’–ğŸ‡µğŸ‡¸,Esraa_25_7
1058092754755035136,Gogogogogo,HagerElzhery
1056318765179248641,Ùˆ Ù†ÙÙ‚Ø·Ø© â€¢,Hwwa_tamer
1172495349983907840,Mariam Ekramy,Mariam_ekramy
1147124237787901953,ğ‘´ğ’‚ğ’ğ’…ğ’ğ’ğ’Šğ’ğ’‚ğŸ’®ğŸ’«,Emanrez44361443
1063846725910216704,Hanem Mashaly,HanemMashaly
1149657156758777856,Jamil Abd,JamilAbd6
4156691806,Moo7Ù…Dâ„¢.âœ´ğŸ‡ºğŸ‡¦,mooyousif___1
1152743633013096448,Emad beh adel ğŸ˜ğŸ˜,Emadhel46697678
1090700710067556357,Ù…Ø­Ù…Ø¯ Ø§Ù„Ø¹Ø§ÙŠØ¯ÙŠ,moaidi81
1159560689125666817,Nadeen,Nadeen47092965
1194559227467051008,B@$bâ—‹$@ğŸ–¤,Basbosa07994012
1194654620372676611,Ranarabea,Ranarabea12
1042519026679926786,El. fito ğŸ’•ğŸ”¥,Eslamelfito1
1103708849826136064,ğ’œğ’®â„°â„°â„’ .ğŸ‡µğŸ‡¸,aseelalturk0
1165345515418128385,A S M a a,AsmaaElkordi10
1193151710384009216,Popa,Popa69375154
866395644013031424,Hadeer Ahmed,HadeerA36235777
1157555499124047872,Learn Arabic,languagepod99
1171694267133321216,LOST.,fathiiemaad
1063151900114206721,Ibrahim _ mohamed,hemohash
740820215672496132,ShosHğŸ¤¸â€â™€ï¸,Shaymaa250
1013155254211366912,Ø£ÙÙ†Ø¯ÙŠÙ†Ø§Ø§ ï£¿ ğŸ‡¦ğŸ‡¹ ğŸ‡¦ğŸ‡¹ ğŸ‡¦ğŸ‡¹,Afndiena2020
1169348058016026625,Shoaib Azad,ShoaibAzad20
598403052,Sherief Ibraheem,sherief1982
1185632816475844608,Luka,Luka29101997
1168978335248125952,Eman shaban,Emansha32149068
1151998032830971904,Eman Abas Telb,AbasTelb
1176576663100039172,ğ‘ºğ’‰ğ’‚ğ’‰ğ’… ğŸ•Š,shahdsoliman66
1176951706829152258,Shrook Sob7yğŸ“,shrooksob7yy
1186372466224041984,ğŸƒØ­Ø²Ù„Ù‚Ùˆ9ÙˆÙ…ğŸƒ,3l_mshaD
1106879932179927040,Abo Ramadan,Mohamed86801366
1185765146741878784,NÃ¢dÄ… fÃ¢wÅ¾y,Nada10353070
1010635865218011136,Ø§Ù„Ø­Ø§Ø¬ Ø£Ø­Ù…Ø¯ Ø³Ø¹ÙˆØ¯ÙŠ,ahmedsud579
1125935162682953728,.......,Ahmed66748123
721398105707528193,á·á¡ áá«á¡á ,anazezo95439610
802539909143810052,couple38,6nfhPIXLUegiZB8
2295141138,Ù…Ø¹ØªØ²ğŸ’£Ø¨ÙˆÙ…ğŸ’£Ø¨ÙˆÙ…,MoatazElfeky1
1186212376544239616,.,AbdUllhmohamedy
1186670516003921923,HÄ•bÃ£ M MÃ£wÄ•Ä‘â™¥ï¸ğŸŒº,HebaMawed4
997123434772680704,BeboÃ¶ğŸ“ğŸ‘¸,BebooAhlam
941365697229262848,MAÅºENâ›“,mazen_ahmed90
1185199281294184448,TOTA ğŸ§œğŸ»â€â™€ï¸,TheMermaid38
1180305111693893633,Ø¨Ø­Ø¨Ùƒ,ICgjkQtKQe5w3TF
955901652615225344,sameh zahran,sameh___zahran
828833178672590848,Azza shatağŸŒ¸,azza_shata
1176524500579565568,Ù†Ø³ÙŠØª Ø§Ø³Ù…ÙŠ,vabJTOpqKdkR8Zi
2359978020,Ù…Ø­Ù…Ø¯,Mohamed_FawzY__
1176171210960490497,Sameh Mekawy,SamehMekawy6
1172850033194127362,Ø§Ø¨Ù† Ø§Ù„Ù…Ø¹Ù„Ù… ğŸ˜,Amr_Moustafa_13
1170502110909259778,Zakiya,Zakiya17749279
1169049133635833862,ÙƒÙ„Ù†Ø§ ÙÙ‰ Ø§Ù„Ù‡ÙˆØ© Ø³ÙˆÙ‰ Ø¨Ø­Ø¨ Ø§Ù„Ø­Ù„ÙˆÙŠØ§Øª Ù…Ø²Ø²Ø²Ø²Ø²Ø²Ø²Ø²Ø²,gq62JXUN4nqdT9C
1094917623047966723,alaaelghzawy,alaaelghzawy
1001280767123689472,SHaimaa Amer ğŸ•ğŸ‘‘,ShaimaaAmer18
838176189625827328,Kholoud Alabyad,kholoud_alabyad
730824574439395330,Haidy mater,Haidy57226257
1156171015162142723,Ø§Ù„Ø·ÙŠØ§Ø±,0Dbx3lVlWu1ifmY
1095656460015620096,I'mzekomoses,Zekovich5
933616371178655745,mohamed tal3at,mhmdt1739
1148641894123089926,..far...ouk..,farouk_elsafty
1145643589994762240,Mohamed Zorraga,MohamedZorraga
980540896667144193,Pheobe Maher â¥ (fÃ¸Å‚Å‚Ã¢)ğŸŒ¸ğŸ¥€ğŸ‡¦ğŸ‡¹,MaherFebby
4124937140,â†©Ø£Ø­Ù…Ø¯ Ø£Ù…ÙŠØ±â†ª,ahmad1983_www
1133512090755506179,MahmoudHusnan,HusnanMahmoud
1132650032358932480,D I N A,DINA32197509
1095718883045052417,Ø±ÙˆØ§Ù†ğŸ¥¥.,Rawankh28466411
1124724144506048512,mohamed,mohamed00159059
1123242205227966465,ğŸŒ¹ğŸ“BÃ¤SmÃ£llÃ£Ã£ğŸ“ğŸŒ¹,BSmallaa
1099035882911395840,Kit Kat,KitKat9493
1090402060342882304,â€ï®¼Ø§Ø­Ù…Ø¯Ù†Ø§ØµØ±Ù…Ù‡Ø±Ø§Ù†,AMahra98
1096042719036755968,ğŸ˜Ø£Ø®Øª Ø­ğŸ‘®Ø¸Ø§Ø¨Ø·ğŸ‘‘,Hamsaa40032447
1116320402798723077,ÙØ¢Ø¢Ø±Ø³ Ø®Ø¢Ø¢Ù„Ø¯,fareskhaled98
1061289718988578818,ğŸŒŸğŸŒ’ | Ä¸Ğ½Ï…â„“ÏƒÏƒÉ’ | ğŸŒ’ğŸŒŸ,alahlwya_1907
2880826383,MOHAMED KHALED,MKhaled988
1069218264708988933,Physicist Sh. Ragab,Ph_Shehata
1028194291464765440,Ø£Ø­Ù…Ø¯ Ù…Ø­Ù…Ø¯ | Ahmed Mohamed,Ahmed_90Mo
418157859,Ù…Ø­Ù…Ø¯ Ø§Ù„Ø·Ø§Ù…ÙŠ,mohamedeltamy
934778537583800320,mohamed.alshazly445,alshazly445
1010887841126277121,Mahmoud Magdy,Mahmoud70240206
1353161178,El Banna,elbanna_95
616654348,ğŸ”¥ Ø§ÙˆÙ„ØªØ±Ø§Ø³74ğŸ”¥,alaafarouk74
1016752627823054849,Amr Al-swefy,Amr39678179
745467704727920640,Abdallah ğŸ‡µğŸ‡¸,3bdallahayoub
942872377725194241,EL KORY ğŸ‘‘,7elmielkory
3192544300,Ahmed Mourad,darshmido1
770642168096690176,Aya Yassin ğŸ‘‘,aya83748
864078540156915712,Hadeer Ahmed,HadeerA50141947
952103144816857088,Nahla A El-mekawyğŸŒ»ğŸ¥,MekawyNahla
935617888374927360,Abdoh,Bodda996
822522181431263232,ÃƒhmÄ™d______ğŸ–¤ğŸ™ˆ,5ZJt0gb6KCxkeHj
948444089812508672,AbdoMahmoudğŸ’â¤ğŸ‘«,AbdoMah51313162
605647365,Ø§Ù„Ø­Ù„ÙˆÙˆÙˆÙˆÙˆ ...ğŸ–¤...,Alhalawany2012
1094391011378380800,Eltahawy,Eltahaw93241137
1058089516102287360,Nermen KhaledğŸ¦…,NermenKhaled10
915673341045936129,amr,amryosryy
3432642869,Mawada Arafat,mawada731arafat
1115980609690701826,â¤Ù…Ø­Ù…Ø¯ ğŸ’šØ¹Ø¨Ø¯Ø§Ù„Ù…Ù†Ø¹Ù… ğŸ’™Ø£Ø¨ÙˆØ£Ø¯Ù… â¤,j59F12POQapFLw3
720956777655889923,AsmaağŸ¦‹,SmsmaAdel4
1078672111512764416,A.ğŸ‚,Zezeosama118
1052928851259609088,âˆ€ã€½ï¸ã€½ï¸Å ğŸ’ğŸŒ»,Aml57350432
1515487885218443265,adora,adora51076779
1083198663424237569,TXT OFFICIAL,TXT_bighit
859297966581891072,Stray Kids,Stray_Kids
956888370,ì„¸ë¸í‹´(SEVENTEEN),pledis_17
197768527,Kstar Choi,xtkstar
235322186,Blackstone,blackstone
1276074249099173888,BTS Vote,btsvotingorg
1303440988694884357,LATAM SHINee,latamshinee
1299099964568678400,jule lvs cam ğŸ² jonghyun month Â¡!,GYUROCKERO
162436035,Rosarioâµ | DICE,_SkeletonFlower
427122847,SHINetter ï½¼ï½¬ï½²ï¾†ï½¯ï¾€ï½°,shinetter
1159086054193926146,Ù‡ÙŠØ¦Ø© Ø§Ù„Ù…ÙƒØªØ¨Ø§Øª,MOCLibraries
5943942,SoundCloud,SoundCloud
988692701791993856,Weverse,weverseofficial
274272590,BIGHIT MUSIC Audition,BIGHITAudition
980749991491682304,BTS WORLD Official,BTSW_official
335141638,ë°©íƒ„ì†Œë…„ë‹¨,BTS_twt
1030429864099106817,BTS123ğŸŒŸğŸ•º,bts123_bantan
920160588650516480,LOVE MYSELF,bts_love_myself
894537112225067008,BT21,BT21_
1126749496082223104,HYBE MERCH,HYBE_MERCH
1290950071391928321,HYBE EDU,HYBE_EDU
168683422,BIGHIT MUSIC,BIGHIT_MUSIC
1377043537452146688,HYBE OFFICIAL,HYBEOFFICIALtwt
1459223742,V LIVE,Vliveofficial
1878450026,BTS JAPAN OFFICIAL,BTS_jp_official
1409798257,BTS_official,bts_bighit
1020620333131489280,Truescho,truescho
2335644942,ÙˆÙ„ÙŠÙ… Ø´ÙƒØ³Ø¨ÙŠØ±,WimShakespeare
1197929582768336900,âš“âš“Capitaine PhillipsğŸ‡ªğŸ‡¬ğŸ‡ªğŸ‡¬,ElhadeBik
1184902120513966080,Ù…Ù€Ù€Ø§Ø§Ø¢Ø¢Ø¬Ù€ÙÙŠ,magymaher40
1286487506804973568,Freedom First,freedomfirst
1276085960548155397,Ø¨Ø±Ù†Ø§Ù…Ø¬ Ø«Ù‚Ø§ÙØ© Ù…Ø¬Ù…ÙˆØ¹Ø© Ø§Ù„Ø¹Ø´Ø±ÙŠÙ† G20 Education Program,G20edu
1243136034046717952,Ahmed Ezz,ezz_ahmed1
1259318879345610758,Beyaz GÃ¶lge,beyazgolge0
1024926798,Ù…Ø­Ù…Ø¯ Ø¹Ø³Ø§ÙğŸ‡µğŸ‡¸,MohammedAssaf89
1024400059,Ø³Ù„Ù…Ù‰ Ø±Ø´ÙŠØ¯,SalmaRach
201690895,Ø¹Ø¨Ø¯ Ø§Ù„ÙƒØ±ÙŠÙ… Ø­Ù…Ø¯Ø§Ù†,AbdelKrimHamdan
3044992129,ÙˆÙŠÙ„ÙŠØ§Ù… Ø´ÙƒØ³Ø¨ÙŠØ±,Wam_Shakespeare
845745091314626565,ÙŠÙ†Ø§Ø¨ÙŠØ¹ Ø§Ù„Ø¹Ù„Ù…,yanabeetv1
44860908,Ù…Ø¬Ù„Ø© Ù‡ÙŠ,hiamag
2573113307,Karim Abdel Aziz,karimabdelaziz
3865838955,Ahmed Kamel,ahmedkamelmusic
1024358401,Karan Mehra,realkaranmehra
439488777,Kaaranvir Bohra,KVBohra
57998991,Riteish Deshmukh,Riteishd
51376979,Sonam K Ahuja,sonamakapoor
596939570,Ibrahim fayek - Ø¥Ø¨Ø±Ø§Ù‡ÙŠÙ… ÙØ§ÙŠÙ‚,IbrahimFayek
19583545,Liverpool FC,LFC
482970120,Amr elsolia,amrelsolia
4849743664,Ù…ÙØ·Ù…Ø¦ÙÙ†Ø©Ù.!,motm2na_
944003206459396096,ÙƒØªØ§Ø¨Ø§Øª.,1ktabat
497128052,Mohamed hany,muhammedhany
848811463963574272,Ektaa R Kapoor,EktaaRKapoor
54829997,Anushka Sharma,AnushkaSharma
57928790,Karan Johar,karanjohar
1652526218,Anil Kapoor,AnilKapoor
230288829,Amr Waked,amrwaked
1060208705352949761,Mohamed Mahmoud,MohamedMahmoud
385291247,Ø£Ù‚ÙˆØ§Ù„ ÙˆØ­ÙƒÙ… Ø§Ù„ÙÙ„Ø§Ø³ÙØ©,heekma
3296597088,Al Ahly SC ğŸ‡¬ğŸ‡§,AlAhlyEnglish
904142542907854848,Ø§Ù„Ø­Ø¯Ø« Ø§Ù„Ø§Ø®ÙŠØ±,AlhadathAlakher
1140653009506095104,El-tnheda - Ø§Ù„ØªÙ†Ù‡Ù‘ÙŠØ¯Ø©,Eltnheeda
285723504,Ahmed Elmohamady,Elmo_27
20120818,Ø¹Ù„ÙŠ Ø§Ù„Ø¬ÙØ±ÙŠ,alhabibali
6135542,DW Ø¹Ø±Ø¨ÙŠØ©,dw_arabic
42196320,Shorouk News,Shorouk_News
216289357,Ø³ÙƒØ§ÙŠ Ù†ÙŠÙˆØ² Ø¹Ø±Ø¨ÙŠØ©,skynewsarabia
458301345,Ø³ÙƒØ§ÙŠ Ù†ÙŠÙˆØ² Ø¹Ø±Ø¨ÙŠØ©-Ø¹Ø§Ø¬Ù„,SkyNewsArabia_B
166566887,ON,ONTVEgy
354254925,Ø¨Ø¯Ø± Ø§Ù„Ø¹Ø³Ø§ÙƒØ± Bader Al Asaker,Badermasaker
296441287,Ø§Ù„Ø´ÙŠØ® Ù…Ø­Ù…Ø¯ Ù…ØªÙˆÙ„ÙŠ Ø§Ù„Ø´Ø¹Ø±Ø§ÙˆÙŠ,alsha3rawy
1114905903592083457,Heart .,eh12__
136002930,Ù…Ø´Ø§Ø±ÙŠ Ø±Ø§Ø´Ø¯ Ø§Ù„Ø¹ÙØ§Ø³ÙŠ,Alafasy
150573577,Aamir Ali,ali_aamir
386588411,khaled bauomy ğŸ‡ªğŸ‡¬,khaledbauomy
823428165582356480,Hazem Emam,14
110681593,Hamza Namira,HamzaNamira
240664869,Harry Kane,HKane
971742065922015232,James Milner,JamesMilner
393028587,Alex Ox-Chamberlain,Alex_OxChambo
1013634584448196608,billionaire_secrets,billionaire_key
281250286,Ibrahim Abdel Gawad,ibrahimabdgawad
10228272,YouTube,YouTube
47763245,Hend Sabry - Ù‡Ù†Ø¯ ØµØ¨Ø±ÙŠ,HendSabry
899626718205497344,A N X I E T Y || Ù‚Ù„Ù‚,_1Anxiety
1033035534,Ù†Ø§Ø¯ÙŠ Ù„ÙŠÙØ±Ø¨ÙˆÙ„,LFC_Arabic
1575800623,Mohamed Henedy,OfficialHenedy
1307067869730086919,Desi Salas â™¡,salas_desi
1445757797161857025,Mark Tuan Official,dnaofficial
2391232105,Mark Tuan,marktuan
3030158859,ëª¬ìŠ¤íƒ€ì—‘ìŠ¤_MONSTA X,OfficialMonstaX
717905524444889088,PENTAGONÂ·íœíƒ€ê³¤,CUBE_PTG
1009973358866284544,ONEUS,official_ONEUS
3314485566,ASTRO ì•„ìŠ¤íŠ¸ë¡œ,offclASTRO
1429480158,BamBam,BamBam1A
408177579,YG FAMILY,ygent_official
125603760,Davidsiwonchoi.eth,siwonchoi
1293890751848275968,ENHYPEN OFFICIAL,ENHYPEN
1305893393835290624,ENHYPEN,ENHYPEN_members
1033152632527892480,Jackson Wang,JacksonWang852
1093754605391867909,TREASURE MAKER,ygtreasuremaker
1240627844868268033,TREASURE,treasuremembers
870188817537355776,NCT DREAM,NCTsmtown_DREAM
182559076,Don Slobo,slobotzky_
242322382,Ricardo PÃ©rez,ricardomedijo
1438142943370485763,Mar FR,maria_jfloresr
869875390465982465,NCT 127,NCTsmtown_127
794130148064829440,Nuâ·ğŸŒ» | slow,mintyoon09
1086232244656787457,liry onni,LiryOnni
1022239538629029888,billboard charts,billboardcharts
1253528842406371329,La FRiK! RaRa ğŸ¸ â·,lafrikirara
3313992476,Lara,larachii_twt
1268013027997048838,TinyTAN_official,TinyTANofficial
1059327333532749824,TOMORROW X TOGETHER,TXT_members
923415570522914819,ATEEZ(ì—ì´í‹°ì¦ˆ),ATEEZofficial
1000214682530074624,Baekhyun_EXO,B_hundred_Hyun
808068833613414400,â‹† namu lover,rkivespic
1305257098293530624,å‚ã„©ä¸‚ã„’ä¹‡å°º ğŸ‡¦ğŸ‡· || VIDEO NUEVO!,CronicasAuster
215952307,James Corden,JKCorden
2835962353,The Late Late Show with James Corden,latelateshow
318319280,Rayito.eth,DebRyanShow
112057739,Danna Paola,dannapaola
37718134,GABO MONTIEL,werevertumorro
46527223,Eugenio Derbez,EugenioDerbez
304735102,Eddy SKabecheğŸ¬,Eddy_SKabeche
1589064452,SKabeche,SKabecheTV
297744938,RK,RKARTISTA
294279563,Sebastian Arango,SebasArango
212105265,Juan Pablo Jaramillo,Juanjaramilloe
96634419,Luisillo El Pillo,LuisitoComunica
245556939,Papi JUCA,jucaviapri
56110169,R I X,rix
340060275,Aristeo CÃ¡zares,Ariscazares
918284847994503168,Doris del moral,Doris_EXATLON
108514166,Rommel Pacheco,Rommel_Pacheco
210348343,Diego Cardenas,dgocardenas
199537832,Ana Lagoâœ¨,analago95
347364064,Daniel Corral,danielcorralmx
2717971453,ExatlÃ³n MÃ©xico,ExatlonMx
1086340632,Mario Ruiz,Soymarioruiz
194397093,Yubeili,OmarYubeili
1026649693059604480,Lizbeth Rodriguez,Soylizbethmx
1007298607,LA DIVAZA âœ¨,ladivaza
181300983,sebastiÃ¡n villalobos,villalobossebas
265714930,Daniela Calle,danielaacallee
2840470668,Bryan SKabeche ğŸ¨,Bryan_SKabeche
3062541397,Mario Aguilar ğŸ‘‘,MarioAguilarMG
276675653,PochÃ© â˜¾,Pochosaurus
736043042642235392,Calle y PochÃ©,CalleyPoche
981324901150683136,Alex Flores,alejandroflrs1
739862282222469127,Daniela Alfaro,DanielaAlfaroG
785213083350433793,Carlos Rizo,RizoCarlitos
589319578,LESSLIE POLINESIA,PPTeamLesslie
1130219904097906689,Carolina DÃ­az ğŸŒ™,LadyCorico
157767109,Missa Sinfonia ğŸŒ½,MissaSinfonia
253755500,JUANPA ZURITA ğŸ‡²ğŸ‡½,JuanpaZurita
997968015936360448,Kenia Os,keniaos
369586519,La Resolana,LaResolana
633210875,El CAPI PÃ©rez,elcapiperez
40527958,Belinda,belindapop
1478563854649073665,Chaesgf,Doyeons_12
1062578718214770688,ITZY,ITZYofficial
967000437797761024,(G)I-DLEÂ·(ì—¬ì)ì•„ì´ë“¤,G_I_DLE
1024486566096326656,ì•„ì´ìœ (IU) ê³µì‹ íŠ¸ìœ„í„°,_IUofficial
895202531978104832,ì„ ë¯¸ SUNMI,official_sunmi_
1402182579265048598,IVE OFFICIAL,IVEstarship
2830720945,CL,chaelinCL
806020707700215808,TWICE JAPAN OFFICIAL,JYPETWICE_JAPAN
390274454,Eric Nam (ì—ë¦­ë‚¨),ericnamofficial
21366823,allkpop,allkpop
3129056526,TWICE,JYPETWICE
878204370403250176,BLACKPINK GLOBAL BLINK,ygofficialblink
1515490181536784387,Nicole Benitez,NicoleB39840924
1504169378765426689,jinnie,HYUNJINCIT07u7
1504227819450105857,binnieBv,speardiick
1489671001600413696,seungbin au,mrgeodick
1504231658060333057,felix,leebokii
1501389911043289091,ari || skz au's,jisungpatito
1505563503934861314,chris:u,poutetitaaa
1504392473711452160,aien,fnafsexogaay
1040669024152109057,au's ğŸ“Œ,chnglixxie
1427778631716294656,ÍÍÙ‹,ccminsungo
1381529411871117318,Ji ËŠğ–¥¦Ë‹,qquokitos
1504185785347559424,Seungmin,KimSeungmin_3
1500562697661865991,skzmensajito,skzmensajito_
1335033446461214721,Stray Kids Info EspaÃ±ol,skzinfoesp
1322983433044373508,ale â™¡'s channie,yuqiwii_
1367672567398428682,Fernanda áµ•Ìˆ,fernandapoleey
1196670396327759872,Vanâ™¡â–ªï¸semiactiva,Helmak_
1362203285172736000,SABRI ğŸº,Yutaekki
1376653143103180802,skz fuera de contexto,skzoutcontexto
963640258339500033,StrayKids Addict TH,StrayKidsAddict
1360467602691088386,I.N ì•„ì´ì—” Central,JEONGINBRAND
814759585844064256,ã‚¸ãƒŠ,SpringLight0320
1471509091830812678,ğŸŒ±,skziblb
951614350011203584,ğŸ’šğŸ«§,christophertext
1327455144800362498,Stray Kids Chile,TeamStayChile
1363069808816893953,Stray Kids MÃ©xico,StrayKidsCityMx
1273079000257007616,STRAY KIDS FC MÃ‰XICâ˜»,FCStrayKidsmx
924742065308798982,Stray Kids Spain,StrayKids_Spain
918298241250287617,Stray Kids Peru ğŸ‡µğŸ‡ªâ˜»,StrayKidsPeru
1174753408848420865,STRAY KIDS VOTE TEAM HISPANO,SKZVOTEAM
1345625216018481152,STRAY KIDS LATAM PROJECT,skzlatamproject
1274414165332025347,Stray Kids Hispano Subs,straykids_hpsub
913435814524280834,Stray Kids ArgentinağŸ”©,StrayKidsArgFC
1264910829562052611,Pri:3,Pri80035078
401539653,HorÃ³scopo de Libra,LibraHoroscopo
1043604025437040652,SAGITARIO,Sagitario_FZO
1298762778245767170,brujulalunar,brujulalunar
3095837518,ğŸŒ™ ğ•®ğ–ğ–ğ–“ğ–† ğŸŒˆ,ChinuDN
3000516628,â™“ï¸ Todo piscis â™“ï¸,todo_piscis
2303863284,Agusttina,AlanisAguss
268016771,RochiğŸ–¤,RocioRamoos
1043601151197958144,ESCORPIO,Escorpio_FZO
402268378,HorÃ³scopo Sagitario,SagitarioHorosc
1043605007906549761,CAPRICORNIO,Capricornio_FZO
842530170284244992,La Previa Ok,Lapreviaok_
187953970,The Walking Dead,TWD_ES
84279963,Louis Tomlinson,Louis_Tomlinson
255388236,The Weeknd,theweeknd
781988934,â–²HorÃ³scopo Negroâ–²,horoscoponegro
328465880,Coscu,Martinpdisalvo
9695312,billboard,billboard
900839717197017089,Tiagotti,tiagopzk
2220187434,ivan,ivan_buhaje
369934613,Mwave,OfficialMwave
923357892673028097,BT21 Japan Official,BT21_Japan
1322632638,W,wisin
3072209228,EL HOMBRE REMIX,DukiSSJ
141817380,Anitta,Anitta
231577324,Netflix LatinoamÃ©rica,NetflixLAT
1304692285506871296,ENHYPEN Official Japan,ENHYPEN_JP
174368061,Florencia PeÃ±a,Flor_de_P
1004392807522553856,esperen âœ‹,SpreenDMC
2420062298,RUSHER KING,rusherkingg
2754746065,Ibai,IbaiLlanos
398306220,elrubius,Rubiu5
1275823901629730818,Twitch ES,TwitchES
139092348,Sergio Kun Aguero,aguerosergiokun
861667322452377601,TWICE Charts,TWICE_Charts
214942749,Lali,lalioficial
2573549978,KHEA,kheayf
82955132,NATTI NATASHA ğŸ‘¸ğŸ»,NattiNatasha
159917376,Moria CasÃ¡n,Moria_Casan
973302847654760448,Â¿Por quÃ© es tendencia?,porquetendencia
1017786236277284865,Un cafÃ© con letras,uncafeconletras
892285827195084800,NCT_OFFICIAL_JP,NCT_OFFICIAL_JP
2210865044,I N D I R E C T A S,IndirectasRock
1515013272021385230,florszh,florszhb
1270248959177420801,+âœ˜+,txt_tubatu
1273619896908333060,ë€¨ ã…… ë€¨ âœ˜,myjoytxt
1280848144343826434,hourly yeonjun,hourlyjunie
1083067529940123651,Tâœ˜T Chartsâš¡,TXTCHART_KR
1109011576659427328,Weverse Shop,weverseshop
1083037410970132481,TXT WORLDWIDE âœ˜,TXTbighitWW
1283237267209809920,â€ì˜¤ë¬¼ì¡°ë¬¼,txt_sarangdan2
1103477383158411264,Stray Kids Japan Official,Stray_Kids_JP
1210862995447771136,Thursday's Louise âœ˜âµ,txtdcm
1085062354017050624,TXT Newsâµ âœ˜,TXT__News
190823677,billie eilish source,billiesource
1288630505718657027,Info Billie Brasil,InfoBillieBR
95339967,Claudia Sulewski,ClaudiaSulewski
897983515224137728,billie eilish pics,biIIiepics
1417927146111004672,Eilish Fragrance,eilishfragrance
1330690836187713538,Billie Eilish Tours,billieeilishtrs
1009319596778811392,Billie Eilish Argentina Oficial,BiIlieEilishARG
1409969592072613894,billie archive,archivesbe
1573265498,FINNEAS,finneas
1278621295543009282,Billie Eilish Data,dataeilish
949093351357403136,TXT Translations âœ˜,translatingTXT
1059325677202157568,TXT JAPAN OFFICIAL,TXT_bighit_jp
1169043513645916161,dsmk,danisoomin
1023763556808974336,egirl ğŸ¦‡,luhsetraoficial
4770095063,vini vecchi âœ¯,vini_vecchi
2484809081,milena,wwwmlna
724721035971420160,takas ãƒƒğŸ•·,vxtakaki
151888280,brino.eth,Brunozor
1731698046,vale,mandellivaleria
2682908887,@paiva #bbb22,paiva
1478523861037637634,jhonata teixeira,jhonata____
995853025,sofia santino,sofiasantino
1009918359402631168,ciclopin,ciclopin
1263546817129656320,.Â·Í™â˜½,taeteland
798892388366381056,sofia ãƒƒ,sofiaespanha
132699857,Tracklist,tracklist
734938399241580544,Bichinhos fofinhos pra quem ta cansado de polÃ­tica,BichinhosFB
33625790,Esporte Clube Bahia,ECBahia
1269854656236314624,Todo Dia Gatinhos #ProjetoMila ğŸ¾,TodoDiaGatinhos
1268272131873411074,Salsichinhas,salsichinhas
873008126479478787,Doarda,doarda
1377127902051921928,Universo DC Brasil,DCNewsBrasil
231579149,netflixbrasil,NetflixBrasil
1482425647641337860,M E N S A G E N S,ofcmensagens
2203709322,+a,maisa
951390297568800769,ğŸ¯ğŸŒŸ,tetesgallery
4020532937,Tasty,tasty
1011372006753746944,Disney+ Brasil,DisneyPlusBR
1498796140879388679,LuağŸŒ‘,joanjo0
1511140772464181253,lex -,thanreidelas
1515489143731630087,æç¾©å¾·,liyide17
1021192578744475648,åƒè²¨,papa09999
803694179079458816,Vice President Kamala Harris,VP
733363843825467392,yami,chanbaekkailu1
1214067290968223745,æš–æš–â™¡,jlyzGbklTQhmJfC
1120677664992284672,åœˆåœˆ,xfeelingx123
1250630172329402368,ğŸ’‹æˆ‘æ„›äººå¤«ğŸ’‹,qazwsx168888
1120159253468069888,ai_fei9961,aifei4
4066344732,ä¸‰ä¸Šæ‚ äºœ,yua_mikami
4872957012,æ­¦è—¤åå¤¢,tommuto1125
2572670149,å¤§å³¶å„ªå­,Oshima__Yuko
2192026837,Kolas Yotaka,Kolas_Yotaka
1031418010425122816,Wayne,WayneFeral
1173780853794586625,é—œå°æ·«,GuanShowing
741097944779083776,ç¦å²¡ è–èœ,seina_fuku48
1223215851274244096,ãƒ¦ãƒŠ Yuna ğŸ¶,yunalu5211
155814794,è”¡è‹±æ–‡ Tsai Ing-wen,iingwen
1252656144608145408,è‘‰å­é£„é£„ğŸŒ±,Leaf1005
2870730055,å…¥å±±æå¥ˆ,iriyamaanna1203
1097398005722824705,èœœç³–ğŸ¬Honey,heart_m_honey
1214683815253135361,å°æ¢“,tiantianshin
1186336462028992512,ching,chingching4166
733990222787018753,ksonSOUCHOUğŸ•,ksononair
2740673700,ğŸ¯à¼ºè™à¼ƒç‰™à¼ƒå¦¹à¼»ğŸ¯,trees20110801
169382946,å®®å´ç¾ç©‚ / Miho Miyazaki,730myao
1214479903577391107,çŠçŠ,kEYChMvd4OsXo3W
1214477737135493121,æ¶µæ¶µğŸ‘,XlgmfzmVwlNMYGb
1657360039,Fuck,funky527381
2292265376,æ¨ªå±±ç”±ä¾,Yui_yoko1208
1433669866406375432,æ²™èŠ±å‰ã‚¯ãƒ­ãƒ±ğŸ£14æ™‚Hadesï¼è€€ã‹ã—æŠ•ç¨¿ã—ã¾ã—ãŸï¼,sakamatachloe
975275878673408001,æ˜Ÿè¡—ã™ã„ã›ã„â˜„ï¸ãƒ›ãƒ­ãƒ©ã‚¤ãƒ–0æœŸç”Ÿ,suisei_hosimati
1433667543806267393,åšè¡£ã“ã‚ˆã‚ŠğŸ§ªãƒ›ãƒ­ãƒ©ã‚¤ãƒ–6æœŸç”Ÿ,hakuikoyori
3061182559,ãˆãªã“,enako_cos
1179072818106945536,å°é¨·å¥³â™¥,lkjh489354
1422363870,å³¶ç”°æ™´é¦™,shimada_hrk1216
727096851355181056,å°å¶‹çœŸå­,mak0_k0jima
1255013740799356929,é›ªèŠ±ãƒ©ãƒŸã‚£â˜ƒï¸ãƒ›ãƒ­ãƒ©ã‚¤ãƒ–5æœŸç”Ÿ,yukihanalamy
1490599023199219714,æµ·é·—.,jxk_777
1283646922406760448,Takanashi KiarağŸ”NEW SONG COVERâœ¨,takanashikiara
1153192638645821440,å®é˜ãƒãƒªãƒ³ğŸ´â€â˜ ï¸ï¼ ãƒ›ãƒ­ãƒ©ã‚¤ãƒ–3æœŸç”Ÿ(å£°å¸¯çµç¯€ã§ä½æµ®ä¸Šä¸­),houshoumarine
1196139814791213056,è¬ä¾‘èŠ¯,irisirisss520
1280317211207282688,Lovejasmine,lovejasmine0903
155207733,èŠ±æ±Ÿ å¤æ¨¹,hanae0626
1460842640002658305,é¦¡é¦¡ï¼ˆäºŒå“ˆï¼‰,FFun1127
2596484922,æŸæœ¨ç”±ç´€,Yukiriiiin__K
1153195295573856256,ç™½éŠ€ãƒã‚¨ãƒ«âš”ãƒ›ãƒ­ãƒ©ã‚¤ãƒ–3æœŸç”Ÿ,shiroganenoel
40813384,è˜‹æœæ–°èç¶² Taiwan News,TW_nextmedia
727094565744726017,å‘äº•åœ° ç¾éŸ³,mionnn_48
388513351,Jen Psaki,jrpsaki
802249850,æµ·å³¶åƒæœ¬ğŸŸç”»é›†ã¨å€‹å±•,Kaisen_Tobiuo
997786053124616192,ç™½ä¸Šãƒ•ãƒ–ã‚­@å…‰ã®ãƒ›ãƒ­ãƒ©ã‚¤ãƒ–ğŸ¦ŠğŸŒ½,shirakamifubuki
135064055,å°å¶‹ é™½èœ,kojiharunyan
1349170292564905988,Jen Psaki,PressSec
729534067696263168,è°·å£ã‚ã,o_megu1112
919455769505841152,è¥¿å·æ€œ(AKB48)å…¬å¼,rei_1025_48
1336636804636704768,å¤œå¤œ,yeyephoto1
1214074705935659011,æ€¡éœâœ¿,GNbpVmmxFJRzzvr
1477544922060591104,è¶…ç›´ç™½Chaozhibai,Chaozhibai_
1024533638879166464,ç´«å’²ã‚·ã‚ªãƒ³ğŸŒ™ãƒ›ãƒ­ãƒ©ã‚¤ãƒ–,murasakishionch
1162773635527892993,æ©™å¯å¯,piligirl310
1433657158067896325,ãƒ©ãƒ—ãƒ©ã‚¹ãƒ»ãƒ€ãƒ¼ã‚¯ãƒã‚¹ğŸ›¸ğŸ’œ,LaplusDarknesss
1515490041040195585,ğŸ’…,loeyruxx
1309142351965757440,.,FORUCHANYEOL
1410214808146911240,Chanii|ChenComing D-8,Wolflivestage
815046797294845953,kdrama fairy,kdramafairy
1088392047671808000,LOEY,loeyfeed
8327182,eXo Platform,eXoPlatform
1278275449299144705,EXOBreakingNews ( Read Bio )(Ò‚-Ì€_-Ì) (â‡€â€¸â†¼â€¶):-,EXOBreakingNews
1317483561163792384,the exo source,theexosource
1184793275271503872,EXO,exopredict
1427329143977529348,EXO Archive | ì—‘ì†Œ ì•„ì¹´ì´ë¸Œ,exo__archive
1099291917664309249,ë°•ì°¬ì—´ ğŸ“‚,pcysfile
1484260312501342208,chanyeol loops,loeysloop
979345819227774977,EXO's Ladder IIâœ¨,EXO2018subs
1210816204023033856,hourly exo ğŸ•˜,hourlyEXO
1258998079484821504,Blue,bbheart11
1411268697813966858,Chanyeol's Chogiwa,THE_CHOGIWA
1431529778218033157,ğŸ“,exowllpprs
939991136,EXOPASSION,EXOpassion
1104001323169660930,â˜å°ºğ–ºğ—‚ğ—„ğ—ˆâ˜SUHÂ²OğŸ¥•,exokai96
1014590661054480384,exo vocals,vocalsarchive
1188735828886900737,EXOonearewe,exoonearewe
283102669,SMent_EX9!,SMent_EXO
1488798698796691457,cielo,theparkloey
1510434088028622854,random exo,randomexothings
988666704203935745,Eka â˜…,kyoongbh_
1507325563832176644,exo edits,DAlLYEXOEDITS
1278107918655614977,city,fromexofandom
1430835721556926464,iconic quotes,thepopquote
1132185530198835200,Kpop Charts,kchartsmaster
1511130391314255873,ì—ë¦¬ê²½ğŸŒ¸,exoul9
1515489858932068356,Cacaaica,Cacaaica24
2983890506,Shopee Indonesia,ShopeeID
366987179,Joko Widodo,jokowi
1506882572378271746,æ®·çªæ™—,yinqihan56
1320399691713040385,aespa news,AESPANEWS
1258667227940675587,AESPA ğŸŒ UNIVERSE #AESPAiscoming,AESPA_UNIVERSE
1278308717826457600,aespa charts ğŸ‘‘,aespachart
1451204224717451265,IVE NEWS,IVE_NEWS_
1222628943863459843,IVE Charts,chartsive
1273850774380883975,BLACKPINKOFFICIAL,BLACKPINK
2521903573,EXO_CY,_real_pcy_
2483872526,oohsehun,___oohsehun
724048481099243520,EXO SCHEDULE,exo_schedules
1131475077650771968,ìŠ¤ë¸ŒìŠ¤ì¼€ì´íŒ / SBS KPOP,kpop_sbs
920691183109603329,EXO Worldwide,WWEXOL
1004014036927709185,Lay Zhang,layzhang
1494476517585440771,Wiam ğ¤€,WiAm18783989
946322930031403008,THE BOYZ (ë”ë³´ì´ì¦ˆ),WE_THE_BOYZ
733132506,íŒŒë¿Œ â·ğŸŒ™,koosmostae
1385738270491824129,eliğŸŒ·,taekittaekook
1514459635167776768,laym,vilyam100
1099991619766386689,lindov,Bwi3012gmailco1
1067027213235748864,DIV,vguktwins
1316751121826766848,I am,gomeltaehyung
1050365413857656832,ì œì´,dionyversss
1338181692180160512,HEAVEN TAEKOOğ¤€,heaven_bamtan
1445054080049721346,vkook áµ—áµ,jkv_th
1122162995168104448,MONAğŸ™‚,_K91230V_
1501181731491221511,KOVJ,tetekookievk
1265289710420676610,ê¹Œë¯¸ìœ ,ging_jjk
1415820361,bayâ™¡,vktaekoo
1076422292706652160,minnie,realvkk
1119395589945475072,Ù„ÙŠØ§Ù†ÙÙŠ,7TAEH
213064998,(ğŸ•·) daily taekook is real,babystarkookv
1477550574740512770,Ë˜â—¡Ë˜,_kvsmooches
1417767998664892420,â€”,taekook2601x
1418563948157227010,Lovely ğ¤€,TAEK0QK
1437862004203659264,Ù…ÙÙ‡ÙˆÙÙˆØ³ ğŸ«§,formyjkonly
1437823373141319684,taekook â™¡,hourlytkhands
714011887164203008,TKG,TheTKGlobal
982168619000905730,taekookâ·,kookvtwins
1336270206981836806,tiny taekook pics,minikookv
2396018036,PNLMusic,PNLMusic
1033994695595065347,WayV,WayV_official
16573941,Netflix,netflix
1393246121015734277,ein,cieveil
1515443489076506627,cali,c4lc1umm
1301087552703733760,haz.,kvsinta
1444969288448675840,SK,perveeAU
1336182083153244160,btsâ· jimin OST â˜†,kkukstudio
1443765315658158081,â€“Akiro Seloso ğŸ¤ª,tkauwritter95
1201106896968568832,SLOW STARTER,slowstarter1013
840494833844252672,piecesofmind,piecesofmind_jm
1421707603671846914,ğŸ¥,kvspixi
812927922981900288,sabâ·,rmkkyu
4656698713,Ù‹.,vkookmahal
1244291882147966976,xoxo_gossipgirl ğ¤€ ğŸ’šğŸ’œ,aeae_nars
1275449324353159178,tkâœ¿,vntkoo9597
874624727054249985,ì˜¤ì¦ˆì˜ì•¨ë¦¬ìŠ¤,Alice_in_BTS
1513854438,BTS Truth,BTS_FACTS
92687932,Makiwander,wandermaki
3173128284,anya,kissmyredlipsWP
297327426,kitin ğŸ€ km,KMCabuniag
1044744830,anaknirizal,demdemidemii
1080294180188913664,Roce OrdoÃ±ez,mynameisroce
950314430755045376,dave ğŸŒ·ğŸŒ¸ğŸ€,daveesguerra19
1359644472020062209,idy,inksteadywp
3288715363,Lara Flores,em2bh
1058344182610300930,bora in vegas âœŒğŸ» (slow),modooborahae
1434350227926835204,ji.,kvsjix
1360929179357732867,ğŸ’—â˜ï¸,skyfics
1329639257682702336,lyssyâ·,btsbaragi_jk
1338226746706046976,â™ªáµ€á´¬á´±á´·á´¼á´¼á´·â™ª,thvk_795
1417319486051426305,laiâ· â€¢ jiminie ost,nvrnotkv
1445074732747943939,Ù‹percy ğŸ¥¨,saligrayakv
3228191803,Winter StrawVerryâ„ğŸ“,winterVerry1230
783523177590849537,shin ryujeanne,bvkodtangi
3022347187,Shaina Denniz,shayndenniz
1331161105884856322,Ù‹,landaskv
1422787217345314816,ğŸ’¢,readforkv
1365826955057065984,ğŸ€,spykv
1423762008437047309,bird gin,redflagkisser
1360220095696445446,Ù‹,pagbituin
1444862888674414592,Ù‹,kvndiman
1422520138088075268,Ù‹,akinghirang
2870859110,rain,thejjks
1373610916135112708,closed.,vantaesuals
1419572026583392257,shai,taemeetskoo
2717110374,cheen. demonyo updated!,tsinifics
1451407499488153607,shan.,iIykku
1348561093753401345,kino,username090197
966077626900246528,ã€Œ claire â· ã€,btstranslation7
1441049697829875719,Ù‹,paralumankvs
1391782784960585729,haniâ·,thebtszone
1452152974583611397,Jewel | ia:(,krystjm_95
1333354422903074817,Purple Moon Child PH | Kindly READ Pinned Tweet,PMChildPH
4531852752,LOOK AT MIN (LAM),lookatmin1013
1416212382070632448,updated ğŸ¥¢,L0VRTK
1328110701865361409,bey.,K00BVE97
1296634815966371840,closed.,_prixywrites
1295600633186152450,âœ§,_prodkv
926680717286715392,haruharuğŸ’œ (slow),haruharu_w_bts
1252999832848838656,xiya,xiyarchive
3082338689,RMPICSâ·,RMPICS_twt
1448192720023945219,inca.,tkliham
1404038070849077248,hikari,hikariwrites
1293112729314529280,TLTL updated!Ù‹â€,lvxury_jin
1459483223457959938,â€ â€Ù‹,tksoju
1424058781504131075,Nami ğŸ¬ Sick ğŸ¤’ (Bukas Update),namixaus
1506824477182636034,ayie,kvscribe
1258490299569131531,hourly yoongi,hourIyng
1507006122376380428,random yoongi things â˜†,randomygs
1357059277370834945,bts smile bot,hourlybtsmile
1375434040036106245,Ù‹,mygalias
1257949179990560769,jehaâ˜½,rockstarstae
503854807,Khalid,Rm_5aled
1426097139415846914,BTS Quotes Archiveâ·,btsqtsarchive
1289681652898201601,â€ âœ–,galleryofRM
1065043010755457026,j-hope dailyâ„¢,thehobiprint
2711685800,hourly namgiseok,raplinehr
3337933103,ë¯¸ë‹ˆìœµâ· ğŸ§¸,miiniyoongs
1092655982369492994,pikaâ·,hobichuus
1291797507895222275,haniâ· sharing ptd links,itsbtszone
1371429109272702980,micaâ·,GODBLESSKINGBTS
1303670789472792576,lunaà¼ŠËš,kkuktaes
1507970564010352640,loafie ğŸ«§,loaftokki
1415625077081534464,vierra,kvshaven
1341233073707335681,â€Ù‹,kvsaffinity
1291393310448218112,vante | resting,minmin_priv
1280881361167908865,Ù‹,cionkv
1428643106287538179,SK,perveeSK
824262342292619264,Ù‹,illicitvk
1286971477116428290,âœ¯,kvtatts
1358956740939706375,thunder all shades of green.,kvsbum
1418043883393413124,Ù‹,liamanunulat
1283988990727614469,ğŸŒ™,kkyuvantes
1414363065626157063,maye,jkvbae
1263354325973102592,âœ¦,zehanfics
1259470666228617216,ayie,jeonsissy
1310952494865014787,raze. updated,fearlessvkku
1072085211972698112,specs,elyggukie
1236566883534622720,ÍÍÍÍÍÍÍÍÍÍÍÍÍÍÍÍÍÍÍÍÍÍÍÍÍÍÍÍÍÍÍÍÍÍÙ‹â™¡,LOV3TK
1515488145709670402,Magnolia,asianburnout
819264097,ãƒã‚¤ã‚­ãƒ¥ãƒ¼!!.com,haikyu_com
17444764,Funimation,Funimation
1416932792647131140,THE STAR SEEKERS by HYBE,THESTARSEEKERS_
1072404907230060544,Genshin Impact,GenshinImpact
96879107,PokÃ©mon,Pokemon
1288682855892017156,JUJUTSU KAISEN,Jujutsu_Kaisen_
1075080208305307648,HAIKYU!!,Haikyu_EN
172359983,Attack On Titan,AttackOnTitan
1440428372492832773,Winter ğŸ’œâ„ğŸ¶,tangi_wiam
1183998557474263040,LUMINOUS,LMN5_official
1211487174190755840,KINGDOM,KINGDOM_GFent
1120557587504590848,TO1 members,TO1_members
1019129631113220096,VICTON ë¹…í†¤,NewWorld_VICTON
1219213114895302656,WOODZ(ì¡°ìŠ¹ì—°),c_woodzofficial
1281170510429093890,ìœ„ì•„ì´(WEi)_OFFICIAL,WEi__Official
1130762010549862401,ì˜¨ë¦¬ì›ì˜¤ë¸Œ,OnlyOneOfmember
1009984504247676928,ì›ìœ„ (ONEWE),official_ONEWE
1096346129782829056,AB6IX_MEMBERS,AB6IX_MEMBERS
1130305605585870848,CIX,CIX_twt
96877126,Koreaboo,Koreaboo
1160570155761455104,RocketPunch members,RCPC_members
1056812367747543040,Cherry Bullet (ì²´ë¦¬ë¸”ë ›),cherrybullet
1441965390729396227,Billlieofficial,Billlieofficial
1284404336689213440,í¼í”Œí‚¤ìŠ¤ (PURPLE KISS),RBW_PURPLEKISS
729935154290925570,ë“œë¦¼ìºì³ Dreamcatcher,hf_dreamcatcher
770959712791597056,ì´ë‹¬ì˜ ì†Œë…€(LOOÎ Î”),loonatheworld
1392302226782052355,NMIXX,NMIXX_official
1402183575244468226,IVE,IVE_twt
1413307716517261313,TEMPEST(í…œí˜ìŠ¤íŠ¸),TPST_twt
1341280752072159239,EPEX,by_EPEX
1359426552866381824,OMEGA X,OmegaX_members
1155796162605015040,E'LAST(ì—˜ë¼ìŠ¤íŠ¸),ELASTofficial
1220255303351988230,CRAVITY,CRAVITY_twt
973866978090741761,ASTRO OFFICIAL,ASTRO_Staff
1362329038501539843,ë±€ë±€ BamBam,BAMBAMxABYSS
1278929167786991617,IN THE SOOP Official,INTHESOOP_TV
41085467,TODAY,TODAYonline
917140992863756289,Trending Weibo,TrendingWeibo
1515488154337542146,Ttuan,yoshinori_orn
1320624638720786432,TRUZ,official_truz
963273809489903618,official_jinu_,official_jinu_
963274907311198208,official_mino_,official_mino_
2836014090,Official innercircle,yginnercircle
963273269917843456,official_yoon_,official_yoon_
963274659935412226,official_hoony_,official_hoony_
963276102318800897,WINNERCITY,yg_winnercity
1374781954604765186,christine,christiee_ho
2853866236,TenZ,TenZOfficial
1326193864491798529,emma,emmalangevin
820092242908028928,daphne,39daph
1246283326870020097,syd,squidsonstrike
1377830581384318976,tina :T,tinakittenalt
720303639277928448,100 Thieves,100Thieves
722343237969510400,awia,annoyingaria
2163885564,Myth,Myth_
1376893368085716992,Abe,BaboAbey
262341591,Edison Park,edisonparklive
1378171558540279808,Wondy ğŸ°,naltsumiii
1388933681788583938,lilypi2,LilyPi2
1201381043946737665,Miyoung,Kkatamina
1373748437309653004,tommy,tommyaltinnit
178690996,Rich Brian,richbrian
710838951989346304,88rising,88rising
1209433326,keshi,keshimusic
1264783697288417281,ğŸ˜µâ€ğŸ’«,pissboydave
28023330,Crunchyroll âœ¨ #AnimeNextLevel,Crunchyroll
1007454659663917062,KATIE,katieeeshmusic
3390133696,DAY6,day6official
1169025294642102274,quackity4k,quackity4k
1322952059604393988,Lovejoy,LVJYonline
1321272995193602048,CORPSE,CORPSE
128466223,Mnet,MnetKR
1176692510741213184,ashleylee,ashleys_img
1344189615134003201,Ranbalt,ranaltboo
1012470011078762496,brooke,brookeab
608418415,Hafu,itshafu
1277897316326936576,sapnap,sapnapalt
3385125854,eaJ,eaJPark
1117931702,dk,dakotaz
337337691,ludwig,LudwigAhgren
2439488023,Kristofer Yee,KristoferYee
392513215,scarra,scarra
826288847562559488,Michael Reeves,michaelreeves
864525927438536707,worldwideBTS,btsanalytics
1173787748,BTS A.R.M.Y,BTS_ARMY
67291370,LG xChocoBars,xChocoBars
881931326114324480,OfflineTV,OfflineTV
69460994,Peter Park,peterparkTV
2203150838,tina :D,TinaKitten
1253789411310858240,imane ğŸ’œ,imane
1251815685274996736,uncle pp,peenerpark
853812133292761088,Ash,Sugoi_Ash
1239284514926383105,raeâ˜€ï¸,itsraechill
3064626591,kimi,plushyslol
953863929763020800,SydneyğŸ”®,Sydeon
2372600622,âŠ¹ celine,starsmitten_
40379447,Brodin Plett,brodinplett
880658540901302278,QuarterJade,QuarterJade
2344209337,Toast,DisguisedToast
1654279704,yvonne ğŸ€,yvonnie
53815297,aria,AriaSaki
948734570249125889,fuslie,fooozley
3013777044,leslie,fuslie
1258007450994700288,ywonnie ğŸ€,ywonniee
2364897541,Masayoshi,ItzMasayoshi
614333791,Wendy,Natsumiii
999560561972006912,ğ“†© jodi ğ“†ª,QuarterJaded
77596200,Jacksepticeye,Jacksepticeye
707620657945645056,Abe,BaboAbe
2244953047,pokimane,pokimanelol
74274804,lily,LilyPichu
2708191476,RAE,Valkyrae
3409123967,Corpse Husband,Corpse_Husband
1285126463063302144,George,GeorgeNootFound
430177205,Sykkuno,Sykkuno
1515489291509846016,Candice,Candy_yxji
1510455818855931905,ğ“­ğ“®ğ“¼ğ“´ğ“² Â°-Â°,nikiesire
1840208366,lalalalisa_m,BLACKPINK_LISA
1416342572193271810,ğŸ¥ following back,skzlyfe
1488410713676677122,Kandy,jaywon4ever
1499841640290295808,adriã,wonziik
1487967819702566915,yejie,scjwyang
1496793453497184256,roxnnksn.,kmsn4lifers
1485093153833062407,che | ia,flwrxsjy
1456211330239635459,clover,intolhse
1465186145059295237,stream glitch mode,dioriyel
1487418020473442307,avië°© â˜»,chansbabystay_
1435235892357181443,xoxoLouise,jaywon_taekook
1479440945049337856,han,kjsbun_
1434822739131392002,lim %#!*,TRlGG3R
1475095480791023621,buhay kasi uso,ayaksks_
1347367759949168643,ROSÃ‰ ë¡œì œ,BLACKPINK_R0SES
1208177379346010112,Jungkook,BTS_twt_JUNGKK
212266188,JYPnation,jypnation
1363315994878300169,JHOPE,uuamyhope
1443361157176299521,Jin of BTS,BTS_JlN_twt
1064354307867201539,V,BTS_twt__THV
1435926895154155520,RM,BTS_KNJ_twt
1361901840556728320,j.m,BTS_twt_JIMlNIE
1497560125762334721,ShaÂ² ;,Svnshine_17
1457179209034391558,prxttyluh,yna_avila13
1482168141203775490,xyvanozz,xyvanozz
1451491029740228616,Gavra K.,gavrakhafindra_
1246455583273701376,JISUNGFESS,Jisungfess
1407934994358542346,aur,auriesa
1291234823080562688,athen,sotogapaketomat
1442007157822558208,kala,kalanarca
1427825143594713092,caca,dailyccaca
1388768336364802049,d-4 #gamalandruyyy,haechanketawa
1407634940993310723,au addict,auadctt
2503485216,PATUHI RULESâ€¼ï¸,nctzenbase
1412182190272647168,Ù‹,LOOKSTY
2352898944,taeoxo â˜† TY â˜† #NCT127,taeyong1st
1481088443937886212,ğ•µğ–ğ–“ğ–ğ–”ğ–šğ–“ğ–Œ!ğ•­ğ–†ğ–Š,BaeJin_ahh
1440673681697480721,.,fikaachuuz
1192463005046337536,WangYibo Fan Club,CnYibo
1336893968555024385,Wang Yibo Indonesia ğŸ‡®ğŸ‡©,wangyibo_id
1434128021775007745,ğ‘aveilla ğ€natta.,han_soheeex
1412352044871000064,Jemiaw lgi rest dlu yach,bobohaechan
1481978998351564802,kanaya,xbadHabiits
1254748893453053952,ì™•ì´ë³´ í•œêµ­ í›„ì›íšŒ for MTJJ_KR,YiboW_MTJJ_KR
1481891377495830529,jeje,jjryujin_112
1361924773752659969,manusia terkuat di bumi,njfsv
1481139409546518528,sheanna,sheannanrs
2826945612,Base rp,basemfs
909406047768596480,Xiao Zhan ğŸŒ¸ Wang Yibo,ZhanGeBoDi
1176170581353533440,Xiao Zhan âœ¿ èµ,xzhan1005
1224897108265795584,ç‹ä¸€åšWangYibo.BarğŸ‡¨ğŸ‡³,wangyibo_bar
18211861,Cinema XXI,cinema21
1286557199804723201,Spyware,AdhyaAlfarizi
1103253598832656389,Æ¬Î¹Î·ĞºÑ”Ñâ¦,IamTheConstant
1367200611037421570,Mental Healing,MentalHealerid
1428280246181142530,Ruang Healing,RuangHealing
1513888718251524101,WARISAN SUGIONO,SugionoWarisan
1487002286,sukjep_,sukjep_2nd
1504391216049582080,wuliå°é­”å¥³,yyyfgi55
1503412522908635136,ğ”¸ğ•¤ğ•šğ•’ğ•Ÿ â„™â˜›100â“€â˜š,asian_P911
851978068344188928,Ella Knox,EllaKnoxxx
1461051318,sukjepsub_,sukjepsub_2nd
1493914316831027201,ã€Œğ““ğ“ªğ“»ğ“´ğ“œğ“ªğ“°ğ“²ğ“¬ã€,magic_itsdark
1492111342396149767,HD SUPER 20,HDBeauty4
2495762364,Rach | EASY DEMONS CLUB,racheltjhia
1051522644988686341,Azizi Asadel,A_ZeeJKT48
1276544638313091072,livy ğŸ§¸,livyyrenata
273357222,Wendy Walters,_Wendywalters
1185507821724372992,Isfan Satria Wijaya,isfantasea
1213844587619291138,NG,marcheriaa
1498012191760347138,ComqueenğŸ‘‘,ComqueenA
1486696561555881987,SOCIAL MOVE,SOCIALMOVE_
1310219558846902274,Purple Bitch,impurplebitch
952629310761742336,Sia Siberiaâœ¨,sia_siberia
1328305192404586498,Aurrell,AurelyaNazua
1837394088,sukjep_,sukjep_
1408468589485510657,á´‡xá´„ÊŸá´œêœ±Éªá´ á´‡ á´„á´É´á´›á´‡É´á´›,HQmoster
1304268049554354178,Andrea,and_2rea_1
1260979021321568256,ğ‰ğ€ğğ€ğğ’ğ„ ğŸ”´,Japonhd7
3732281418,Violet Myers,violetsaucy
1384599376383913986,BIG BOOBS & ASS,BigTitsLoves
1145680576009134082,BANG BROS,BangBrosDotCom1
1352761346983649280,ğ—¢ğ—¥ğ—šğ—”ğ—¦ğ— ğ—œğ—– ğ—˜ğ—«ğ—£ğ—¢,orgasmicexpo
1004192361595801600,Codiâ€™s Vulva,CodiVoreSFW
701494892371906560,Codi Vore,Codi_Vore
1385168648344506374,Natasha 500K,_Daisy3_
969382123764252672,Hentai Anime,HentaiAnimev
1314206149198012417,Ben bir miyavÄ±m ğŸ¾,AnimeMiyav
205120642,ANGELA WHITE,ANGELAWHITE
839163848342945792,Afif Yulistian,apiipp
759060762958495745,kenboo,dinomilosaurus
1314162598821027841,ZANII,rrzzani
1163303067879477248,Mbud,jawafess
1084557086162210816,Anya Geraldine,anyaselalubenar
978459450871697408,Spotify â¤ï¸ K-Pop,SpotifyKpop
1172167188800655360,Kegoblogan.Unfaedah,kegblgnunfaedh
1183067204029313025,dums,damadam_63
1146663899703308288,PUBG MOBILE Esports,EsportsPUBGM
968652142750810114,PUBG MOBILE,PUBGMOBILE
1194872097001992192,keisya levronka,keisyalevronkaa
1196321970175893504,Tiara Andini ğŸŒ™,initiaraandini
1422951168,Fiersa Besari,FiersaBesari
1442115063280660498,Dita Nazwa Aulia,DitaNazwaAulia1
1084444340129153024,dija,buburgvrl
1344173996095328256,ğŸ¯ğŸ°,markmin1st
919532896091697152,Crescent MoonğŸŒ™,20thbreeze
708198095704555521,SEVENTEEN Japan,pledis_17jp
253505144,PLEDIS ENTERTAINMENT,pledisnews
1484517731651452934,nana,joyiffaa
1386596777940307968,Nan | markno au updated!!,ourclassicyuno
1309884009573302272,âœ° | ia,markminphile
1371330116945551362,â›…,onyourm_arkjaem
1265460581504442369,Scintilla,ruhtrooveye
1012739024979521536,circle markmin! on ğŸ–¤,circle_markmin
1262067908449980417,markmin advocate,morkmins
1392182449686257664,lakban,mkmnist
1019176225,Haunted,zoedyred
1402115480349908992,sidneyğŸŠ,dariselasa
1087896374358634496,mk+jm â€”â˜†,tatertotifroti
1372203567117856773,azeyrÃ¡ || markmin auğŸ“Œ,perkataansenja
1386197254290087941,MARKMIN AU,cmm_universe
474531610,ë‰´ì´ìŠ¤íŠ¸(NUâ€™EST),NUESTNEWS
1338483148447834112,HANBIN,HANBIN_twt_
1385103818661109767,Trainee A,trainee_a
1382576846336790536,JUST B,JUSTB_twt
1371386231829925890,ENHYPENã®ã‚ªãƒ¼ãƒ«ãƒŠã‚¤ãƒˆãƒ‹ãƒƒãƒãƒ³X,ENHYPENANNX
1099907345528713216,BELIFT LAB,BELIFTLAB
1064828006487609345,SMTOWN Indonesia,SMTOWN_Idn
1513457722607677440,à¸ªà¸²à¸§à¹ƒà¸«à¸à¹ˆà¸ªà¸µà¹ˆà¸ªà¸´à¸šà¸šà¸§à¸à¹†,khim84076109
123873260,JenniePanhan,JenniePanhan
2295631308,ë§ˆë§ˆë¬´(MAMAMOO),RBW_MAMAMOO
2613511795,BLÎ›CKPIĞ˜K GLOBAL,BLACKPINKGLOBAL
1248425351782354948,WONHO Official,official__wonho
2983484922,FIAT,FiatAngelo
3016827096,ATTHAPHAN PHUNSAWAT,AtthaphanP
1079860834883391488,à¸«à¸™à¸±à¸‡à¸«à¸™à¹‰à¸²à¹‚à¸£à¸‡,nungnarong
67507531,GMMTV,GMMTV
867523838,à¸Šà¹ˆà¸²à¸‡à¹à¸¡à¹ˆà¸‡ğŸ°,psmark1821
622777464,â˜ºï¸ /,itfeelword
182168448,à¹à¸„à¹ˆà¹‚à¸­à¸šà¸à¸­à¸”à¸•à¸±à¸§à¹€à¸­à¸‡à¹ƒà¸«à¹‰à¹€à¸›à¹‡à¸™,kidmakk
859348698781827072,à¹€à¸ˆà¹‰à¸²à¹à¸¡à¹ˆà¹à¸„à¸›à¸Šà¸±à¹ˆà¸™,jaomaecaption
1198501566568730625,Artie,1artie1
596299859,à¸ªà¸¡à¸¨à¸±à¸à¸”à¸´à¹Œ à¹€à¸ˆà¸µà¸¢à¸¡,somsakjeam
12425692,suthichai,suthichai
168750564,Wongnai,wongnai
86899675,Thairath_News,Thairath_News
211395583,à¹€à¸£à¸·à¹ˆà¸­à¸‡à¹€à¸¥à¹ˆà¸²à¹€à¸Šà¹‰à¸²à¸™à¸µà¹‰,MorningNewsTV3
37950212,Thai PBS,ThaiPBS
4781800940,à¹ƒà¸•à¹‰à¹€à¸•à¸µà¸¢à¸‡à¸”à¸²à¸£à¸²,UnderbedDara
1515328329075019784,Karisuli,Karisuli20
4144012572,MBC ì˜ˆëŠ¥ì—°êµ¬ì†Œ,MBC_entertain
568871711,1theK(ì›ë”ì¼€ì´),1theK
517295819,THE SHOW,sbsmtvtheshow
52661072,ë®¤ì§ë±…í¬ (Music Bank)ğŸ¦,KBSMusicBank
1267295396390301697,ENHYPEN PICS,beliftgallery
2790803071,à¹€à¸¥à¸´à¸Ÿà¸£à¸±à¸,loverrukk
1130755875210088448,SBSì¸ê¸°ê°€ìš” (SBS Inkigayo),sbsnoriter
20536157,Google,Google
1064458185111625728,M-TP,sontungmtp777
1142985865829871616,primiily,primiilly1
906310748564971520,Dewjsu,dew_jsu
298457633,Winmetawin,winmetawin
2333223628,bright,bbrightvc
307782840,ã„¸u,tontawan_t
50393960,Bill Gates,BillGates
1497881823124537344,Tvvxy,Tvvxy2
1382523320281698305,JUST B Official,JUSTB_Official
1178553058696945664,ì´ì§„í˜(LEE JIN HYUK),LJH__official
3282384678,ì—…í…ì…˜(UP10TION),UP10TION
1078164530843115520,ë°•ì§€í›ˆ (ParkJihoon),Park_Jihoon_twt
1120217350848958465,TO1,TO1_offcl
885478981637623808,ì˜¨ì•¤ì˜¤í”„ (ONF),WM_ONOFF
1144043486917746689,DKB_OFFICIAL,DKB_BRAVE
1137562469017088000,ê°•ë‹¤ë‹ˆì—˜ KANGDANIEL,konnect_danielk
841676129245224961,ë”ë³´ì´ì¦ˆ(THE BOYZ),IST_THEBOYZ
1247034956808777728,FOR NCT DREAM,forNCT_DREAM
1296417773699047424,DRIPPIN,DRIPPIN
845170774939906049,GoldenChild (ê³¨ë“ ì°¨ì¼ë“œ),GoldenChild
1503651300038234113,DKZ_Update,dkz_update
793353793681301504,VICTON(ë¹…í†¤),VICTON1109
1293462889047629825,P1Harmony official,P1H_official
1413305677951365121,TEMPEST,TPST__official
1096344582902575104,AB6IX,AB6IX
135447868,KCON official,KCON_official
998863013405863936,(SLOW) NCT INDONESIA Fanbase ğŸ’š ğŸ‡®ğŸ‡©,NCT__Indonesia
1320570403090120704,Base For WayV and Their Pets,wayvfess
839092116,aeribase,aeribase
1104412476689375232,WayV Base,weishenvess
1210342758029807616,TRIGGERNYA -star | AYO BACA RULES :),starfess
3128856264,DKZ_OFFICIAL,dkz_dy
1295242234988617729,GHOST9 (ê³ ìŠ¤íŠ¸ë‚˜ì¸),GHOST9OFFICIAL
1108938510055038977,MCND_official,McndOfficial_
1301693046044590080,DRIPPIN(ë“œë¦¬í•€),weareDRIPPIN
956135887904976896,NCT DREAM CENTER,NCTDREAMCENTER
1275010241017462784,/delvote on|Mutualan 23.00 - 06.00 WIB,nct_menfess
1277640129960505345,txtdaridreamverse,txtdrdreamverse
1080786626060505088,CIX_Official,CIX_Official
1281454950212493317,ìœ„ì•„ì´(WEi),WEi__Member
1291267816574693376,ON,haechanconfess
1220250953091174400,CRAVITY OFFICIAL,CRAVITYstarship
1315488230758707202,Ù‹,NIKISTUDlO
3301294810,SEVENTEEN STAFF,pledis17_STAFF
1032482294,CARAT Voting Crew ğ–§·,caratvotingcrew
1507231502756560897,Gema,afterqsex
1216366866504904705,ENHYPEN Charts,ENHYPEN_Charts
1266158544438489088,ENHYPEN NEWS,ENHYPENews
1016115723981152256,SEVENTEEN Billboard!ğ–§·,svtbillboard
806018965218566145,ì¿±ì •ì› ğŸŒ»â€§â‚ŠËš.,wonubliss
1324799583373848577,Ù‹,nikifms
1226088936734244866,ì„¸ë¸í‹´(SEVENTEEN),pledis17_NOONA
999001519067422720,SEVENTEEN Instagram ğ–§· Weibo,SVT_stagram
901822026414829568,Worldwide Carats ğ–§·,WorldwideCarats
1280724193227624448,ENHYPEN VOTING TEAM,ENHYPENVT
1282624606927335425,ì„¸ë¼ â€¢ á´‡É´-â·,ihs_heeseung
1255056545420902406,jungwon pics,jungwonpic
1119279545029283840,ENHYPEN GLOBAL,ENHYPENGLOBAL
1300725164741595136,SEVENTEEN WEVERSE + WEIBO,SVTranslations
1366098387322347520,takoniki ğŸ™,namaewariki
1267304199043207170,jake pics.,jakesarchive
1306965448261431297,sunoo pics.,ksnpics
1081672489690951680,SEVENTEEN Fancafe ğ–§· Weverse,SVT_Fancafe
3308576432,taehyung picsâš¡ï¸,taehyungpic
1303327796446425091,ENHYPEN WEVERSE,enhypenweverse
1267303915151900673,sunoo pics,sunooarchive
835440693870931973,ENHYPEN UPDATES,enhypenupdates
1515487527905656832,Zain Atsani,Zndnatsni88_
17128975,CNN Indonesia,CNNIndonesia
78879048,uus,uusbiasaaja
1652541,Reuters,Reuters
30354991,Kamala Harris,KamalaHarris
26970305,Raden Rauf AM,radenrauf
124696652,Tsana,ntsana_
110312278,Anies Rasyid Baswedan | Sudah #VaksinDulu,aniesbaswedan
82552414,XL,myXL
1415953428,"Muannas Alaidid, SH, CTL",muannas_alaidid
1270980383761330176,KKN-Perjuangan,Tan_Mar3M
109762193,Ganjar Pranowo,ganjarpranowo
27846404,SuperSoccer TV,my_supersoccer
282006208,Mahfud MD,mohmahfudmd
365963894,NazzğŸŒ¸,naaazzzs
4780649298,Denny siregar,Dennysiregar7
385996689,jek vespa,jek___
1323730225067339784,The White House,WhiteHouse
23343960,Kompas.com,kompascom
1133001673150877697,joystgrm,joystgrm
44606329,Starbucks Indonesia,SbuxIndonesia
2606229566,Susi Pudjiastuti,susipudjiastuti
1227565405679407105,Ù‹ğŸ¤,304verse
1159400358482833408,NGALAMFESS,ngalamfess
1142426049470296064,willy the kid,cursedkidd
198412976,Eko Kuntadhi,_ekokuntadhi
2928583759,Chusnul Chotimah,ChusnulCh__
69183155,detikcom,detikcom
813286,Barack Obama,BarackObama
1079721145895514113,"rules ramadhan, pinned !",vkookfess
75519742,Nicho Silalahi ( Nicholas Frans Giskos ),Nicho_Silalahi
45602536,Mohamad Guntur Romli,GunRomli
1349149096909668363,President Biden,POTUS
2320690604,Restu Nurshinta,restunurshinta
939091,Joe Biden,JoeBiden
1329295844869214208,Muklis,tvindonesiawkwk
1248975109,I Nyoman Suartana,INyms
632893275,Mahasiswa Â½ Malang,mahasiswamlg
1248462509708693504,gabut,Lita12234
1446909435918442505,cinta,cinta1790
1339149629745635329,Tetangga sebelah kanan Jeff Bezos,xqzers
1199095664,Jaja Manja,Jaja_manja
1336164382569586689,ari â·,_ari05
1208442481152446464,yuhuuğŸ˜œ,Syafaatur2
1189173111788199938,syofwa yasin,Yass92511098
1515488107998547973,yinyiming,yinyiming6
720130945,ë°±í˜„ë§ˆì„,baekhyuntown
2097571,CNN International,cnni
1515484013963714563,Zuleyka Tello,TelloZuleyka
1512235393986580487,andrea,anvhbf
1515481796041121792,Arsyaa,Arsyaa44144874
3504585734,iKON GLOBAL iKONIC,YG_iKONIC
1515035182407237635,mbun,mbunsiie3
1033922521492381696,Netflix Indonesia,NetflixID
1515487514123173889,faizah Syendy,fzh_azzahra
1389611114984468488,é¯›ç„¼ã,______7dr
1255201176590536704,ë‚˜ë§Œ ë³¼ ìˆ˜ ì—†ëŠ” ì—”ì‹œí‹°,nct_backup_
1148598885700591616,ë§ˆì¸,urmyzeus
1351164103453237248,ì˜ˆì¡°ğŸ­ğŸ¬,kjwejrwlf
1175377083796611072,#à¸§à¸±à¸™à¸™à¸µà¹‰nctà¹„à¸›à¹„à¸«à¸™,whereareyounct
987900228224172032,ê³°ê³°âœ¨,nctmoon0908
1265602451287109634,ãƒ­ãƒ³ãƒ­ãƒ³,jenocutest
1325070942284865539,ì—”ì‹œí‹° ì†ë¯¼ìˆ˜,nct_closet_
1226127709312389120,NCT DREAM ìŠ¤íŠ¸ë¦¬ë°,NCTDREAM_STRM
1515486670539603976,Cutte Pie,pie8_pie
3039018126,EXO_NEWS_JP,EXO_NEWS_JP
1146555342286938122,BTS Charts & Translationsâ·,charts_k
1420904153119920128,Mateo Pereyra,MateoPe68303315
1087008014715047942,itzy pics,archiveitzy
1432678126035759106,ITZY JAPAN OFFICIAL,JYPEITZY_JP
1020141556274253824,yeji pics,yejigallery
1262881218388992005,WayV Argentina ğŸ‡¦ğŸ‡·,wayv_argentina
874918428825485312,Weeekly (ìœ„í´ë¦¬),_Weeekly
765420183418605568,ASTRO JAPAN OFFICIAL,jp_offclastro
1135806843773542401,SuperM,superm
1466594767056293890,STATIONCE,stationce
1251563866749837312,Estefany Moncada,EstefanyMoncad8
1316506452240998400,supersecretsauce,t_mutat_
919896262559670272,DJí† ë¼,_DJtokki
4672775604,white tofu ğŸ’¨,twicexonce
1491088052449685506,Manu559,Jawaryutudei
1324626960434147328,Rhythm Hive Official,RhythmHive_twt
936063562350444544,ğ„,baechurenes
3281582786,IRENE (ì•„ì´ë¦°) NEWS,Baejoohyunews
2685951655,5REDVELVET,5REDVELVET
4918954283,ChiğŸ’«,kimjenknee
764456453071441920,t,joyisthetics
975594740891631616,RVF ON â€” TAG @RVsmtown,redvelfess
1306195540837765120,Irene ì•„ì´ë¦° Global,irene_global
2900871798,ìê¾¸ìƒê°ë‚˜,thinkB329
2507356597,KSG Updates,KSGUpdates
4235083273,ì›¬ì—ë²„ [WENever],wenever940221
1472876868416475141,Girls On Top,GirlsOnTop_SM
1486178802506125312,Andherson,Andherson011
1487760944545636352,Alambre,alambre0069
1489452844713488385,Kyo,Kyo69906681
71744371,à¸­à¹‚à¸¥à¸™à¸™à¸´à¸§,aloneww
879869243449200640,PERTH,perthppe
4590781942,Rathavit Kijworalak,bplannnnn
4854549492,à¸¨à¸´à¸§à¸±à¸Š,Mmarksiwat
1064221347545407488,|||ğŸ³ï¸â€ğŸŒˆPERTHSAINTSATION OFFICIAL TH,PS_OfficialTH
4714743812,à¸‹à¸²à¸¥à¸²à¹€à¸›à¸²,Prem_space
101750197,m34nismind,m34nismind
929292571205033984,Saintsup ğŸŒ¶,Saint_sup
1244256378,Cooheart | à¸„à¸¹à¸®à¸²à¸£à¹Œà¸—,cooheartt
965552645573287937,GN,gunnapatn
1513747503589601282,gyu!?,hyewunee
1493643503854927875,Homosunyylvsgabi//HEE CAME BACK HOMEğŸ’â¤ï¸â€ğŸ©¹ğŸ’—,jungwonessmioo
1356832519094562817,arra â†,sungholicc
1510771636189863938,mizu lvs maga,wonivers
1496205698002157568,elii â™¡ semi-iağŸ“š,nikfilt
1501733320094208001,ğ˜±ğ˜¢ğ˜¶ ; é–ƒå…‰,jakemirancho
1280697440648212481,maria â™¡â€™s fer(s),yjwongf_
1305759929282842630,minisodeâœ˜2: nay lvs domi,riki_coffee
1484241676038193164,welee lvs carâ€™s,lee9_13
1477510157928058880,izumy lvs snowà¾‰ | jay monthâš,iiinikigai_
1498324993033318402,max lvs san,horicidio
1484402060447698945,Eli7a : é–ƒå…‰ â­,Heeliza_
1435851380091232256,kimDeonu,Deonukim1
1450839879760351249,anqwlich,seulitie
1502324138362511364,á´°á´¬á´ºá´µá´±á´¸á´¬â˜ï¸,rikilves
833796619523018755,luvie â˜†,joykttz
1486716709805301761,ian lvs ryu â‹† â”‚jaypril,dazedforksn
1353826003219587072,connect : zuri â—¡Ìˆ | JINNI CUMPLEAÃ‘OS ğŸ‚,iKITTYE0N
1375560612328136709,elizabeth,nishiimurarikii
1482102308490158082,tham lvs jade ğ–§·,sshuasite
1510001097829715981,â˜† dai lvs nat .áŸ,snoogrrr
1513535500555997190,lin cafecito frÃ­o,honisgmin
1508697162208604164,ğ•­ğ–—ğ–”ğ–œğ–“ğ–ğ–Š,browniepio
1467540789890891778,ÊŸÉªá´¢ ÊŸá´ êœ± É¢á´œêœ±â·âµ âœ˜Minisodeâ‚‚,jungwonmio1
1456811859961593859,Miloâœ©,ienskyy
1497385048756129794,den lvs clai â‹†,hooniter
1392459870796976131,Yam ğŸŒ¤ï¸,snhewnie
1496371134664740866,YamYam lvs Fercita â™¡,enhafeelspecial
1465726947816792076,Sean lvs Avi,rikimysteria
1498504810630303746,valen â‹† ğŸ“Œ,rikipatit0
1396851271139614723,chaewon insta,chaewonstagrm
1496300723008589833,Ù‹Ù‹,enhascore
1513079040646828032,mari â€¢,suniefoxie
1493076681464164354,Tai,nikilvzone
1504914424448139268,ğ˜™ğ˜°ğ˜¤ğ˜ªÌğ˜° lvs LinoâŒ«,Minhookws
1508127162741637125,kiari lvs sunoo ğŸ’,kiarip3ach
1510701226299637762,tommy,yngbkit
1513572043589046275,tuna aceituna,yunaaabot
1513119281017458691,taro,tarob0t1
1328900782259781634,fari,onlyjungone
1357211640589123590,Sofi,cutejeam
1511685234110386181,cess ; jaypril,JAKEYLUVER
1411480443631833089,ï¸ï¸sofi,rikilouve
1420265816134537218,ğŸ¾,INT0HEESEUNG
1391219649774186498,GelğŸ·ï¸,loveyangarden
1417332771752603655,PIPAY,004YJWN
1390997057326833665,Ù‹ temp closed. âœ°,i4engaez
1313452085841555456,Ù‹,klvrjeon
1390616654288101384,robert .,JayNaNagGitara
1428647350575063042,alex b. lat | ia,meowzfeed
1426179299900465157,Ali,heeheeyes
1127510003873529856,ë‹,hoonishx
1427283686286786561,hera ; writing,xhsng_
1448627067856179203,Kep1er,official_kep1er
1481445992008462336,rio,winturra
1384342009129967616,virgi,sunryvs
1457640252412030983,Ù‹ fae | ia,lvlyhsnj
1276567598864363520,í‘¸ìš¸,sunoos_fool
1413706089556705284,nishimurawr,_NISHANN
1115826154353713153,ATEEZ JP,ATEEZofficialjp
1513413270140502021,jaehyun,yoonohb9t
1453223545757184010,tomi,saugmin1
1576783478,maikeyâ˜ºï¸,maikey1006
1316691954906755077,ì˜¤ë°€,EN_5mil
1420236224178974724,DARK MOON by HYBE,DARKMOON_HYBE
1287283152860438528,akemi â‹†,PSHR0CKST4R
1289808474751328256,alex â·,jwoonie_
1247170873506828289,hourly minhee,hourlykmh
3415796413,ë˜ì¹˜,9ddochi
1135204588787720197,ğ’ğ©ğ«ğ¢ğ§ğ  ğ.,springdays_hj
1150984007326109696,sagua,185butmini
1228699908049272832,CRAVITY fancafe,cravityfancafe
1220371903291908096,PEZ,cravity__pez
1131181751265447937,ğŸ§,luv2PUPPY
1222025621183688704,CRAVITY_JP,CRAVITY_JP
1310912210026164226,Ù‹,KMHLOOKS
107173717,nia powell,lynncross89
1487072644155396101,Katharine Tague,KatharineTague
1406331262319661059,BilidelfiağŸƒ,bilidelfia
1329043083695169536,Miry. CONCURSO DECORACIÃ“N TWEET FIJADO,BretemaAcnh
1465617234404032516,MustPlayOn,MustPlayOn
814379589317234688,ã¿ã“ã‚„,betazou1234
1198192006972895232,ã¤ã‚‰ã‚‰,xo0u8gQpLVZpJ7Y
886006455500976130,markwars,markwars1972
1395975703502360576,ãƒãƒ¬ãƒ«ãƒ¤,10dearlife08
1390270121382342659,ã‚†ãƒ¼ ğŸğŸŒµğŸ€ğŸŒ¿ğŸŒ²ğŸŒ³ğŸŒ´,YURI0707st
1492676335646429190,Daniel Espinoza,DanielSpeedster
1463400717310332928,Cam Wilson,CamWil2075725
1143993911364509697,Meaghann Moore,Meaghannmoore4
1012846769758040064,HazelMine,HazelMine1
819912082745393152,ğŸ§Leo ğŸ“½ï¸,Leoloin92
1165653465743409152,SIMS FOREVER,SimsForeverGame
1301924617154686980,Marry Lovely,MarryLovely8
791557361223610368,VANILLAğŸ¬,VanilaSims
1253728836421931008,Saf,HappyCheer16
1173277418007814146,Juggaa J,JuggaaJ
1245900545103020033,Queeni,Queenikobi
1225971092944293890,Cat,KitKatSims1
1187904265420988417,ğŸ’™BlueGamerAlienğŸ’™PudgeTheFishğŸ ,GamerAlien4
581320414,andrayeah shepherd,GoBlue4Life1988
1238816946726096896,Maxine,godfrey_maxine
1208022576951418881,âœ¨Simanthaâœ¨,simantha_yt
2998047917,BÉ›É¬É¬áƒ§,BettySims39
1117040552145453057,NeelSimsplay,NeelSimsplay
1554922562,K0J1K is in Tartosa â›±ï¸ğŸ’’ğŸ©,TheSimsDesigns
24832944,LILxERINâ·,lilxerin
974308970025406465,PurpleLady â·ğŸ’œğŸ’œğŸ’œ,TiffanyMarieCr5
1221832713830879234,Pearl,PinkPearlSim
1023962911759368192,Carter Stephens (Pls buy Klonoa PRS),tailsBOOM1992
1220810846198169608,Dan Games,DanGames16
1120811997635936257,Court (they/them),CourtMakesSims
1021702577258483712,Tina Marie,Tinacolada00
1034393122644656128,Carlie On A Break ğŸ˜‹ğŸŒ¸,Carlieistic
2770376623,â„â›„Noobsieâ›„â„,NoobsieGames
2460683083,FashionistaSims ğŸ˜˜â¤,sandrahayes69
1217508361983418369,Fej Sims,fejsims
1198529440613109760,Abdul Muqeet,JimTvee
21063085,SWATS #UpInTheClouds #scorpiosky #ISC2021FINALIST,SWATS_GBX
962353597689352193,Other N,Selenitana
897540055694278656,ãƒ‹ã‚ºãƒ«ãƒ˜ãƒ¼ãƒ³ | Niz Shinoda-JÃ¸rgensen,PlumbobPhotos
1208857708314517504,Carissa Sims,CarissaSims18
1211448647927222272,K Boogie Wit Da Hoodie,KayyBePlaying
1219804969378799616,Mil (LiaSimsOfficial),its__mil
260795725,Sophie Elaina,SophieElaina
1171998301434142720,SIMS 4 MISS & MR WORLD,Sims4_MissWorld
3428980348,Zita Rene,Zita1966z
1107611389978382337,ğŸ¿ï¸ğŸ‡¿ğŸ‡¦Simply UniqueYTğŸ‡¿ğŸ‡¦ğŸ¿ï¸,SimplyUniqueYT
1205926731678441472,ğ’©ğ’¾ğ’¸ğ‘œğ“ğ‘’ â™¡,milkshakesims
52521418,kirklandsims (jason),KirklandSims
4483540427,Anchesenamon Sims ğŸ‡ºğŸ‡¦,AnchesenamonSim
4816520894,Lauren Elizabeth ğŸ®,LozzzieEliza05
1136996310610055173,Super Villain Nova,NovaVillain
1186370002372517889,simbleue,simbleue
948910893177430017,shannon ava ğŸŒ¿,shannonavayt
1145385914853707776,SimShelly,SimShelly2
1145441678737756160,ChimpMonk,chimp_monk
2590095043,Î² Å˜ â‚¬ Å‡ Å‡ Î” Ä† Ä¦ Î” Å‡,BrennachanSims
636619151,GenieSims ğŸŒ¸ğŸŒˆ,NicoleHayes1998
1061408734675681280,DaenerysTargaryen ğŸ”¥ğŸ‰ğŸ”¥ğŸ‰ğŸ”¥ğŸ‰,kunoichix_x
778720634759032832,Lexi/Lex (commissions open),LexiBear3599
778251386555359232,Allen C-H ğŸŒˆğŸ–±ï¸ğŸ˜»ğŸ‘»,TheAllenCH
1167737658262642690,NEW PAGE - _xchuchysims,new_account_c
1168832483238010881,Lou,Lulagame97
1020770324667936770,YoFavSimmer ğŸ’ğŸ½â€â™€ï¸,upsidedwnsmile
1127217174148452352,exi,x1st1sm
1144090113951055872,Deranged_Fingers,Spoon_drawers
901304444905803776,Bodacious TâœŒï¸ğŸ˜—,TianaReddick
1068756320529104896,YellowHouse,yhousegaming
1059932545297477632,Pixylady10,pixylady10
898323411755073536,EvanLe24 is getting married in Tartosa ğŸ¤µğŸ»ğŸŒŠ,EvanLe24
1149939802080305152,â˜… ğ——ğ—˜ğ—Ÿğ—¨ğ—Ÿğ—¨ â˜…,DELULUKWEEN
2742551734,Viiâš¡ï¸,Vii_Marchetti
267423184,SimsVIP,SimsVIP
906558100819378176,Camille CHAMPAGNY,sims_cinema
1160109212,Bree,Bree_Miles
376870989,ğŸºğŸ’šğŸ¯Tiger Sheraâ˜•ï¸ğŸ–¥â™‘ï¸,TigerLover78
985235369787568135,King TittyFroster #BLM âœŠğŸ½,DomTittyFroster
707553438624776196,â˜€ï¸ğŸŒ» Daalia ğŸŒ»â˜€ï¸,RealDaalia
1045206421283823616,LoRdisSa ğŸ“€,CalamityDragonn
735467262988144644,ğŸŒ¼ Dmitriy ğŸŒ¼,SimmerDmitriy
882721992293715968,Mia uwu,miagatito44
703139332647813120,â˜€ï¸Bellguru8â˜€ï¸,Bellguru8
1052585513146900480,Pikardis23,JimParham4
817455718122950656,Bee,lisabeesims1
2167213933,Ramey Sue,rameyirwin
1045127450617958400,MarielaIsGucci,MarielaIsGucci
1030066685842083841,L_Whale_P,L_Whale_P
1062088864922324992,Iust,poakovopon
1513069738905456642,sepikup,sepikup11
4704552148,LaLiga English,LaLigaEN
1201673806156161025,UTBK CAMP ON ğŸ“Œ â€¢ SCHOOLFESS,schfess
96951800,FC Barcelona,FCBarcelona
1278857632263090176,Spideyfan02,Spideyfan0
1465433412852932611,ğŸ•·ï¸,tbymgr
2401980110,TikTok,tiktok_us
98047213,Huawei,Huawei
28970983,Angelina Jolie Fans,joliefans
1225501286021451776,Info Twitwor & Drama,infotwitwor_
1290937407047471111,ğ™©ğ™­ğ™©ğ™™ğ™§ğ™¨ğ™©ğ™¤ğ™§ğ™®ğ™’ğ˜¼,txtdrstoryWA
582553661,gal,pantungalimar
189368093,Kepala Sekolah,txtdaripelajar
979392686,TXT OLCOP,txtdarionlshop
1245053460266926080,indo struggles twt,indostruggles
1233351780332900352,txtdariorangberseragam,txtdrberseragam
1316441034117718016,TXT Gajelas,txtdarigajelas
1226038913707282433,Mazzini,mazzini_gsp
1160647996830359554,No Context Tobey Maguire,OocTobeyM
4674820032,Mauricio | Browntable î¨€,Browntable_Ent
1328383972502597634,Daily Spider-Man ğŸ“¸,spideygifs
1017883950209830912,GJK ğŸ“º,gjkcentral
931396338771734529,HiTop Alex,HiTopFilms
767942137417572352,Xavier Mendoza,GodzillaMendoza
1459543169117220867,Daily TASMğŸ•·ğŸ“¸,TASMdaily
1241610629498183680,Spider-Man Shots ğŸ“¸,SpiderManShots
1266986520558342146,CBMCringe,CBMCringe
1368655495020548098,peter contentğŸ•·,parkersarch
1064216205190459395,Daily Raimi Spider-Man!,EARTH_96283
1475178481789116425,hourly andrew garfield ğŸ•¸,hourlyagarfield
1409731437650223106,ğŸ’­,i2petergwen
1465037251377864707,Andrew Garfield Updates,UpdatesGarfield
852511642839650305,comfort andrew,andrewthinker
1449283471638138882,â™¡,andrwsafe
1386402724225290241,ğŸ’­,thinkerpete
1197225394866282496,Askrlfess,Askrlfess
18036441,Stanford University,Stanford
39585367,Harvard University,Harvard
564733883,SUHOPLANET ìˆ˜í˜¸í”Œë˜ë‹›,Suho_planet
235084049,Lisa_BlackPink ğŸ‡°ğŸ‡·,xLalisaxx
49305033,HL Daily,UpdateHLD
174416608,Mama Twist,MrsAnneTwist
933408639775371264,LTHQ,LTHQOfficial
20431187,Capital,CapitalOfficial
266211626,ashe,ashemusic
1244839681969262592,Nabeel Ahmad,nabeelskyray
1561975297,HSD,hsdaily
422053280,manu rios,manuriosfdez
21441186,Wattpad,wattpad
1854306900,dwikimic,dwikimic
732782080644485120,â™¡ËŠË-,TASMFELICIA
1391222941073948676,daily peter parker,tasmarchive
1329576824,andrew garfield,bestofgarfieId
1450102859710836743,best of peter parker,thinkspiderman
1465022282691137543,Ø˜,hqstonefield
1365297503860445184,PINDAH KE SUB DULU,englishfess_
1164937093656862720,Beautiful China,PDChinaLife
2688231000,The #EFL Zone,TheFLZone
1247105232619868160,The Football Zone,footballzone__
2180790814,WPIAL Football Zone ğŸˆ,AJWPIAL
1206189021661192197,Get Spanish Football News,GSpanishFN
140070953,FIFA.com,FIFAcom
159041674,Derby County,dcfcofficial
756407554276724736,OneFootball HQ,OneFootballHQ
95411613,eFootball,play_eFootball
1323311352866312193,best of zendaya,zendayacfiles
1415796178759921665,best of tom & zendaya,tomdayarchive
1418626953473527808,hourly tomdaya,tomdayahourly
831991970344091653,Chelsea Foundation,CFCFoundation
8159472,UEFA.com,UEFAcom
710557284993265664,Billy Gilmour,billygilmourrr
2495199115,SelecciÃ³n Argentina ğŸ‡¦ğŸ‡·,Argentina
2550023839,Portugal,selecaoportugal
137415452,RFEF,rfef
2495214973,AFA,afa
1295479869736804352,Pacaso,PacasoHomes
756534156,Siaran Bola Live,SiaranBolaLive
1222927522033094656,Extra Time Indonesia,idextratime
886568542295826432,Ruang Taktik,ruangtaktik
2794327166,Komisi Wasit,MafiaWasit
1291787107178917889,The Flanker,theflankerID
947281567,PanditFootball.com,panditfootball
1390826391864692737,yunance_rollthan,AestetikGarden
1448971396218978308,Ä“nğŸ’«,jaehxneybhie
1258540307894992899,Wattpad LGBTQIAP+,WattpadLGBTQ
2767592617,Wattpad SciFi,Wattpad_SciFi
1442504464187858951,W by Wattpad Books,WbyWattpadBooks
2541552164,Wattpad Comments,wattpadcomment
1900066920,Wattpad Nation,wattynation
1216771374116560896,WattpadOutreach,WattpadOutreach
851261386852188161,WattpadRiverdale,Watt_Riverdale
2741409679,Wattpad India,wattpadindia
1303750915392929792,Wattpad Books,WattpadBooks
2477837312,Wattpad Stories,WattyStoriees
3253022402,Wattpad Brand Partnerships,WattpadBusiness
1461453076192243712,Wattpad EspaÃ±ol,oyewattpad
2551283677,Wattpad Latino,WattpadLatino
2878526207,Adict@s A Wattpad,WattpadAdicted
1605395005,Wattpad Indonesia | Peace for World,Wattpad_ID
1216530090022051841,Wattpad Fuera de Contexto,WattpadContexto
2861632595,Wattpad Fanfic,WattpadFanfic
719355482209583105,ğŸŒ·,4reuminct
121419183,Marcelo Santos III,akoposimarcelo
300133945,Sharlene San Pedro,shar_sanpedro
986678605,Ai,iDangs_
885514969126547457,Binibining Mia ğŸŒ»,BinibiningMia_
794783397381967872,akosiibarra ğŸŒ¸,akosiibarraWP
996582049447272448,April Avery,breatheapril
1147459702034333697,Ann ğŸŒ¸,purpleyhanwp
573576829,Raiming ğŸ¦Š (HuaLian Worshipper),raimingfox
333955253,Aly ğŸŒ‘ğŸŒ¸,iamAlyloony
149733434,Maxine Lat âœ¨,maxinejiji
597481585,beeyotch,beeyotchWP
914709073,ğ‘Šğ‘ğ‘¡ğ‘¡ğ‘ğ‘ğ‘‘ ğ‘–ğ‘  â™¡ áµ‚ á´¾ á´µ á´¸ á´·,Wattpadislove
1316381380012462082,Rekomendasi Wattpad Seventeen,WattpadAUSVT
1407987345161261059,Wattpad_Rekomendasi,Wattpad_Ga
1390240451848933389,Rekomendasi AU & Wattpad,beruangluc0
1363834637789790211,Rekomendasi Wattpad,rekomendasi_wp
1480833193959837697,Aku suka Chenle,sqaarrz
1407690628931096592,pia â€” fb spree || dy (darell) auğŸ“Œ,cxntkals
1305117559046328320,Belajar Bahasa Jerman â€¢ Korea â€¢ Prancis seru!,ConsultingOTCA
1391228127305605121,Vivian,Vivian84234626
1341463150407933960,best gigi pics,GHADIDPICS
1317372777029115904,Out of context Harries,ooc_harries
2471206543,Couture is Beyond,CoutureIsBeyond
1016091109532094465,Gigi Hadid Argentina,GiHadidArg
1697097889,Charlotte D'Alessio,char_dalessio
998712798074032129,â€Ø˜,hadidchild
867728593069248515,gigi hadid archives,archivesgigi
1310959812335800326,B & G HADID,BACKGBHADID
2926050088,ğµğ¿,bellalooks
183378752,La Mar C Taylor,lamarXO
1319855908277657600,bella archive,hadidrchive
3390187947,Zayn Argentina,ZaynJMalikARG
1961016152,Ù‹,empirekendalI
933024055514583040,.,frat91s
1286140626921230336,fioo,iREPWLLS91
1311812250668326914,Gigi Hadid Argentina,HadidGigiArg
171682388,Bella Hadid,bellahadid
1276505842611712005,allyğŸŒ¸,bighitentace
1153053380,Habib_Nabiel_Almusawa,nabiel_almusawa
1299626557925765121,JAPANFESS TERANG,JPFBASE
543462047,BTOBÂ·ë¹„íˆ¬ë¹„,OFFICIALBTOB
67418441,Disney,Disney
1515485279829860352,dean viadinho,hjwinedn
4305093558,DPR REM,_DPRREM
154149604,dprcream,_DPRCREAM
3166929120,á´…á´˜Ê€ ÊŸÉªá´ á´‡,_DPRLIVE
632816661,Christian Yu,DPRIAN_
1143072158467231745,Seori,seori_official
1017922815255875584,ê¹€ìœ ê²¸,yugyeom
1243264807840542721,JAY B,jaybnow_hr
1515477967559921671,hashi encapetado â€¢exodusâ€¢,hashicapetinha
1356701386688315392,kayan desempregado,yifansexos
1515484603825459202,ì¬ì´ë“ ,twiiicecoaster
1172658651322101760,Ø˜,jihyosource
708284436631199744,sana pics,sanapics
17230018,Spotify,Spotify
1512307450711470083,Kesanyangan Bangtan Sonyeondan,KesanyanganBTS
875584476046278657,BANGTAN LAB,bangtan_lab
920236174320340992,ğŸ’œâœ¨ Reenie âœ¨ğŸ’œ,ReenieOnArt
174630305,Pril ğŸŒ·,laviedenoona
1476940697475317767,'KNOCK KNOCK!',knockknock_vid
1362583637338640389,OH SEHUN INDONESIA,xunqi_indonesia
1230520258609336327,EXO-L VOTING AND STREAMING SQUAD,EVSS1485
2534949073,å´ä¸–å‹‹_Ohsehunorb,Ohsehunbar
1139123637754245122,EXOPublicity | 1ÎX0,EXOPublicity
986133314,CHANYEOL INDONESIA,ParkChanyeolINA
1310839343586578434,EXO SOURCE ID,EXOURCEID
1427832471031328768,pau ğŸ’Œ,yujibubbles
1320764411343183872,Ù,KARINAL00KS
1321109653057499140,ì©œ,karinaisaGOD
1083645613231636480,daily ningning,yizhuodaily
1333411599860764674,Ù‹,YJMFEED
1450318715187175428,Ù,karinaintl
1485090269422764032,aespa,ccsmyy
1483256024215826435,winter support,alIforwinter
1485482568610951171,Ã¦-venus,aeriwter
1479356615870402560,for karina,yujibrand
827136716272078849,Ù,aespapic
1152965784374829057,karina pics,karinaspics
1322472455995183104,aespa charts,aespachartsdata
1497313092287434753,Ù,lhcrolo
1358037610828951560,Ù‹,nyzdaily
1493674697384419330,rina,yujibonita
2313109057,ESPADAZEL (remix),rodezel
1183474749697069056,muncoklo,muncoklo
1478929734616727558,301295,ibuni301295
1515485414634700800,Cansu,Cansuhangisu
2533403804,danla,danlabilic
609257968,AlnÄ± Ã–pÃ¼lesi Tivitler,alniopulesitivt
1198642605401296897,Z kuÅŸaÄŸÄ± TerÃ¶rÃ¼,ZkusagiZ
1175093554529689600,hic etik degil,hicetikdegill
1194281251127074816,alternatif mizah,alternatfmizah
1157601745083801600,Potteroloji,potteroloji_
150566311,Demet Akalin,DemetAkalin
1317508521584480257,Tarihte O An,TarihteOan
1373932604,BANGTAN TURKEYâ· ğŸ‡¹ğŸ‡·,BTSTurkey
3802705047,ESKÄ°DEN Ä°STANBUL ğŸŒ™,eskidenist66
107676720,Taha,mosyotaha
1168142137302630400,AllahÄ±m Nasip Etme,nasipetme
842366096,13. BurÃ§,13burctahmin
953355419178676225,Sihir BakanÄ±,sihirbakanii
1968633367,Ã‡aÄŸrÄ± Taner,cagritaner
2994400234,TOÅKO %40 MUTLU,toskofacts
1336510391862448129,nova!,Novalise1
1515485846463737857,Trang Chika,trang_chika
1515485051370471433,ì´ì—°ì¬,yeonjae0911
3271715754,íŒíƒ€ì§€ì˜¤ë®¤ì§,fantagiomusic_
1515485984485388294,Elin,aelinsbakery
1289772466219319298,mark gf,marktyrll
1261001499527675906,kil ğŸˆâ€â¬›,nkmoyuta
1421863811041038340,"YÃ“RA, KEEFAN UPDATE!",yyour__aa
1342299140827430913,sky,skysphire
4029938294,Alis,chogiwabois
1410555843469217803,Ù‹,natkece
1515483822707687428,Raikantopeni_97,97Raikantopeni
1452453064229613572,Xdinary Heroes,XH_official
1444496762295685123,lifelivnnkitty,lifelivnnkitty
1496858184744534018,Michael Afton,Michael_Afton_M
1485225270588194820,Bees ğŸ” {commission me u coward},glamcockfazfuck
1462636672986673153,Melokoiiâ€™s #1 BIGGEST FAN,Clowntoon
1414494784039788547,Michael's wifeâœ¨,Mich_Wife
1490781226583699466,Kasiula ğŸ¤™â¤ï¸ğŸ‡µğŸ‡±,Simpette2137
1112440107871756299,Volcorn_,Volcorn_
1350292204103872515,ğŸ”ğŸ°LizğŸ°ğŸ” Comms CLOSED,CreamPastelPie
1346969849201909761,Athena Hdez,AthenaHdez
1080924673758527489,youtooz,youtooz
1479248917988626434,gene,gcfinntokyo
1372320202373832707,Sei ğŸ” | COMMS CLOSED,sei_jurou25
1486040619990626321,Zoe â™¡,zoey_bp
1488548321824161792,HowsLifeToday ğŸ”,HowsLifeToday_
3500320154,ğŸŒ¸Way to go Superstar!ğŸŒ¸,frechiiie
786299784160096257,Phil Morg,phisnom
1149470762341826560,Amarfillucas112,Amarfillucas111
959321788244267008,â­Frankie West Oficial | | 109K!â­,FrankieWestYT
1305719021548044288,SummerBerri,BerriSummer
3233838112,KFC,KFC_ES
726904101364224003,Kabora_Mackraid,lucywolf18
1029475507430146048,Anonymous,YourAnonOne
319981198,Fernanfloo,Fernanfloo
1099503152896847873,Mulkogi_moğŸ”NSFW,MulkogiMo
1460320643250114567,Leu,Cal_lirose
34329685,Cineplanet PerÃº,cineplanet
877387628051607552,PERUVIARMYâ·ğŸ‡µğŸ‡ª í˜ë£¨ì‚¬ë¼ë¯¸,peruviarmy_twt
463350392,Namy Gaga CLOSED COMMISSIONS,NamyGaga1
1397283822618693634,Spring bunnies ğŸ”ªğŸ°,bunnies_spring
703917212839489536,Yoshua40 SFMâœ®,Yoshua40oficial
1065213960864112642,Lena ğŸ‡ºğŸ‡¦,Scarlena4
1456495908988784645,ğ—–ğ—¬ğ—•ğ—˜ğ—¥ ! ğ”˜“,cyberpanic_1
1358491028727226373,Reikmer Fnaf,reikmer_fnaf
1456858856114507784,v2 ğŸ” COMMS OPEN (9/10),jackinoffiplier
1069654855231422464,ğŸ™VAğŸ™ MetallicFox0,MetallicfoxNSFW
547853161,tonyğŸŠ,xeoniios
713508175874490369,NIX,NIXXXBOT
700869523684007936,Thudner,thunderbob333
336662689,ğŸ”ğŸ”return to dergğŸ”ğŸ”,ChibsArts
2179253210,â˜†*AHEEM!â˜…ï¾Ÿ*â™ª,kyotemeru
1224344366946357248,ğŸŒŸâ– ğŸ”-MrtÃ˜ny-ğŸ”â– ğŸŒŸ,Mrt0ony
1334598938729517056,SUNAM STONKSCO,SUNAMSTONKSCO
1475602748930506757,Majes Siguas II,ms2aqp
1478949530447933440,Ryan_creates,creates_ryan
3314289676,~ ğ™…ğ™ğ™£ âœâœ¨,QrowJin
1443209111802458123,Solgaleo 2î¨€,2Solgaleo
1360144462253608961,ğ“¡ğ‘¶ğ‘¿ğ‘¨ğ‘µğ‘µğ‘¬ ğ‘¾ğ‘¶ğ‘³ğ‘­ .áŸ,R0CKINRACER
852569474,The Second Goombral Calamity,Goopomancer
1455685614964146179,mongty,fnafphasemonty
1311014729431867395,ğŸ’DannyğŸ’,DannyOrozcus
4808031214,âŒSUNAM NAPSTERâœ–,SUNAM_NAPSTER
1350193997839441927,Shiro,shironoyume1
2953681855,Scott Cawthon,real_scawthon
1080338041036783616,E-Zoid,e_zoid
3172887407,8-BitRyan,IAm8BitRyan
853487046,Sabino69,_Sabino69_
1389679487235895298,Mr.Bleens,MBleens
1177996497675272192,GG Games,games878787
1461532374819299330,Zeldix Productions,ZeldixP
579663378,GRAVEWEAVER âŒ I'M THE GRIM REAPER,grave_weaver
982797241965461505,DARK DECEPTION,DarkDeceptionDD
1390351729447870465,Evan Afton,3vanAft0n
946492087574454273,Prophecyx,ProphecyxOffic
1363585324660776970,Attack on Titan,AoTJewels
752595908118908928,ğŸŒ¸,hanavbara
1957604270,Glowstick Entertainment,GlowstickEntmt
1398799091572879367,Freddy Fazbear î¨€,FreddyyFazbear
1402690672654749698,HandUnit î¨€,Handunit__
1420200325013716993,Perfectly Cut FNaF Moments,FNAFmoment
851639881,Steel Wool Studios,SteelWoolStudio
2366012696,Dawko,dawkosgames
1515093841245720578,Lil,archivesdy
550003399,#,MUSIKMENFESS
1430896945942257664,ã…,Ieemarkees
1488453684400902145,127 Feed #LoveTheory,127Feed
1285218037772062725,Ù‹,winwinhour
1079379751523868673,acupofnanacoffeeâ˜˜,fullshan_
1266212158456516609,Z e n.â—¡Ìˆ,jaeedimples
1476086781753757696,ë§,NCTDAOYlNG
1464180913248817153,Ù‹,127bbl
1154928849756364800,WE MISS ILICHIL :(,nct127fess
1515484663028285440,kio.,kioissimping4u
992435038535933952,Nuttwsr,nuttwitsarut
1307583217239695361,à¹à¸­à¸šà¸«à¸¥à¸‡à¸£à¸±à¸à¹€à¸”à¸­à¸°à¸‹à¸µà¸£à¸µà¸ªà¹Œ ğŸŒˆ,SCOYtheseries
1340133314141638656,SECRET CRUSH ON YOU NEWs,SECRETCRUSONYOU
1231571916034412544,oppopp,oppopp_wp
1635739458,Looknam,namorntaraaa
2504796583,hengpnp,hengpnp
1265935855262347264,Becky armstrong à¹„à¸›à¸”à¸¹mini teaserà¸à¸±à¸™à¸¢à¸±à¸‡à¸‡à¸‡,AngelssBecky
1392009821856010242,Freen,srchafreen
1376060440115965953,à¸™à¸´à¹ˆà¸‡à¹€à¸®à¸µà¸¢à¸à¹‡à¸«à¸²à¸§à¹ˆà¸²à¸‹à¸·à¹ˆà¸­ | Cutie Pie Series,cutiepieseries
1092502268467863552,jm_moi,jimmy_jimmoi
971697386211876864,Z,zee_pruk
977535285687828480,SURPRISE,ppriseee
890483296970211328,â€¢ï¼¢Å' â€¢,bbil1ypn
978115919623766018,Seng_Wichai,seng_wichai
1089442250633822208,Nat ;),natasittttt
4776410300,sivakorn lert,SivakornLert
1212310561666420741,MMax,MMaxmaxxxx
971018810038759426,jjaaa,jaestsx
1257000250809581568,MewSuppasitStudio,Msuppasitstudio
828410488509734912,mewsuppasit,MSuppasit
1659753438,à¸—à¸—,Toptap_jirakit
1043180889285394432,MIKE CHINNARAT,mmikesiri
970147208002617345,Frank ğŸ»,FThanatsarun
945873966765301760,khaotunggggggg,myktnw
869234125986603009,Drake Laedeke,Drake_Laedeke
57027096,à¹€à¸—à¸¢à¹Œà¸—à¸²à¸§à¸²à¸¬,Tawan_V
296107534,TRIPLE.N,mynameisnanon
1166548052909461505,Louis_thanawin,Louis_Thanawin
1166705879586000896,à¸¡à¸‹,wixxiws
4886284964,Ohmpawat ( à¸„à¸´à¸”à¸–à¸¶à¸‡BBS ),ohmpawatt
1173281694696140800,Winmetawin.Official,WinmetawinO
79115328,JH,Janhae
139379061,Mook Worranit,MookWorranit
1280214316851924992,ppnaravit,ppnaravit
1093480388356231170,jimmyyjp,jimmyyjp_
40408670,phuwintang,phuwintang
1484813512585396225,SuÃ±Jake's PR Manager ğŸ’¼,prettyjaeyunie
1515484647702265858,Fabianus Nico,NicoFabianus
1087056602178281473,Pocomnkg,mhdarieff_
1286878661493190657,ketololan yang tolol,ketololan_tolol
1103189431626821632,Receh Everywhere,RecehEverywhere
330262748,Fabrizio Romano,FabrizioRomano
2339333214,Jadon Sancho,Sanchooo10
2430359540,utdreport,utdreport
265982289,David de Gea,D_DeGea
2613992689,The United Stand,UnitedStandMUFC
1123232834376933376,Bruno Fernandes,B_Fernandes8
734492654755577858,Marcus Rashford MBE,MarcusRashford
875327508190818307,Harry Maguire,HarryMaguire93
155927976,Rio Ferdinand,rioferdy5
2491702663,Paul Pogba,paulpogba
3157899825,United Zone,ManUnitedZone_
558797310,Manchester United,ManUtd
164627338,Kalis Mardiasih,mardiasih
1069456105212760064,Aditya Julian,adityajuliannn
928308639315648512,AREA JULID,AREAJULID
72842511,bayu joo,bayu_joo
1087656770040786944,recehtapisayang,recehtapisayng
71436318,KOMPAS TV,KompasTV
356190068,Cakegurl,aulmaulidiana
2834906952,Utta,uttazt_
439164730,Boy Candra,dsuperboy
44196397,Elon Musk,elonmusk
1391235014,Suka Mobil Tua,HoldenKlasik
1348898649204424704,Sarjana Crypto ğŸ‡®ğŸ‡©ğŸ‡ºğŸ‡¸ğŸ‡²ğŸ‡¾,sarjana_crypto
155659213,Cristiano Ronaldo,Cristiano
886934161,andi,andihiyat
1089506448252461058,Santi kzl,Santi_nya
41730943,VivaCoid,VIVAcoid
1515341903604387843,arifah nuraziah,Zanvxzy_
702411609742970881,Tumcial,off_tumcial
1515484334190329856,fernando,fernand98529618
1222247419682770944,TT,1234_tatan
1440853003083206656,intan,intanaja212
857321448313991168,Tante Yona,yonayunata1
1380912367647608832,Tante Rose,TanteRose8
1009209127120392195,WriteWeed,WriteWeed
861137888838393856,ğ“‚€ğŸªğ”¸ğ•Ÿğ•˜ğ•–ğ•ğŸªğ“†ƒ,AngelOfCannabis
1435285485031616513,Viral Bokep Terbaru,viralbokep22
1388556954583191552,Bokep Full HD,BokepFullHD
1036048284198944770,Bokep indo jepang asia eropa amatir jav HD News ID,BokepEropa
994045579909984256,Video Bokep Gratis,videobokegratis
1180798752212144129,AZ,1234_aiz
1173003137835139072,Bokep Viral Mesum,bokepviralmesum
1077897307603984388,Kimayaagata,Kimayaagatta
1230216796256526336,Evitasari,rondomlenuk
512287398,BeccağŸ˜˜ ğŸ‡ºğŸ‡²,Hippie_of_Love
1425297619971043331,elly Yana,elly_jand4
1157336773191618562,Ristiy Sofiana,ristiysofiana
1485451070029852672,Video Bokep Tante Bugil Mesum Berjilbab Foto Cewek,RatnaJanda
1445037775611301889,Bella Deswitta,belladeswitta
1282423459172151297,Bunda Listiana,bundalistiana
1168180635543818242,Free Porn Videos 4K Quality,pornvideos4k
1290934217090662402,Meena,xnxx_1x
38358865,www. xnxx.com â™âœŒâ™¥â™€â™‚ãƒ„,SmileyFaceThuqq
1073723209260908551,Xnxx Porno Videos,XnxxPornoVideo2
1511377281293627392,Bokep Tante Bugil Hot Video XNXX Janda Muda Sange,NeliJanda
1422032723657379840,flo ğŸ•Š,winflrose
1359357423580925953,ayu ğŸ’—,jiims
1318188134329315329,MK,1234mika_
1168336921237409792,"Racun Belanja | Info Diskon, Promo, Cashback",RacunBelanja
1636973550,Reza ğŸ§›â€â™‚ï¸,Zapeach_
1240988030204141568,AP~8,A100888
1394825277079834624,Crypto STIPH â€¢ NFT,GawsStiph
1066847044730466304,mine âƒ• â—¡Ìˆ,minewithmine
1425082829294084102,Jay å½¡,JayTheGaHost
1110471135932481536,Finkaauliaa,Finkaauliaa
1205271817100787712,valleğŸ¦‹,vallerynaa
1393790111288987649,Kins Natali,KinsNatali
1371908427593572352,Lisa Janda Muda ğŸ’•,lisajandamuda
1014751851143573504,angelğŸ§šâ€â™€ï¸,yournangel
1200355745600069635,Hanabi,GiveAwayHost
4080715212,bunnie ğŸ‡,bunniefied
1314975287294083073,ğŸ’™,convomf
311003007,cj ğŸ¤,gemhostofficial
1311529701995765761,jowoshitpost,jowoshitpost
1431348193862701058,Shill Ronin,Shill_Ronin
4920946291,â“ˆâ“â“•â“˜â“ CRYPTO GIVEAWAYS,sof1azara03
1428688987259080704,Crypto Alpha ğŸŒ,Alphawolf_1_
799023207294504960,PUTRI CEBONG (IG:Putri_cebong.id),LOVE_AG4EVER
1377876647425187844,ğ’¥ğ‘œğŸ¥‚,Jopromote
1303019456671539200,SA,1234_sisca
1449414811436023812,chita gloryağŸ’,chitaglorya__
2895303462,Chroneco ğŸ¨,chrone_co
1421109889418424323,wat,kuyawat
1053318427639574528,Bunaâ™¡,jscmine
1361234721930289153,Geri,edz_lozano
1353847968919547904,taeby,taegiveaway
1305904514487083008,Bang Garr,Bang_Garr
1306771952510492673,FoxyğŸŒ¸,FOXYGIVES
620977821,Halo BCA,HaloBCA
4574226553,GLaze â,GlazeCrypto
1316063279567962112,SH,1234sherli_sh
821859629034409985,GP24P,KakekHalal
1461580491421720579,MeylisaPutriA.,Meylisa_Vtae10
1281182825392164864,Disney+ Hotstar ID,DisneyPlusID
4712543484,Viu Indonesia,Viu_ID
278662460,Billboard Music Awards,BBMAs
1502137384749920259,Desy Candra,DesyCandra19
